tree	path	bytes	sha256	source_url	retrieved_from
siramy	_divers/d2_anim/ambw.gif	187151	1fda668b98c2538819481ce12044bb858859cba926bb0e8f20e1741014a72246	http://paul.siramy.free.fr/_divers/d2_anim/ambw.gif	live
siramy	_divers/d2_anim/amfw.gif	395800	06d93950336292d7a7092ce1a1850c5080b3abf932199a35bb564be0f8d464e1	http://paul.siramy.free.fr/_divers/d2_anim/amfw.gif	live
siramy	_divers/d2_anim/amnu1.gif	145781	b6ba4ed2f805cac044dfb21ba22593e9f2975deb37e3407fa6e5d1e7b5cdb0d8	http://paul.siramy.free.fr/_divers/d2_anim/amnu1.gif	live
siramy	_divers/d2_anim/amnu2.gif	166123	35bb8e274abd14d7a67358e228725cae4fd13ed14feb6bf05cbd4c55d6ad0e6d	http://paul.siramy.free.fr/_divers/d2_anim/amnu2.gif	live
siramy	_divers/d2_anim/amnu3.gif	141504	3a463200389fc72e254612e95524dfafcbe5b725d50f4f78788fb9d1b49ee25e	http://paul.siramy.free.fr/_divers/d2_anim/amnu3.gif	live
siramy	_divers/d2_anim/asbw.gif	238549	28650e36cb99bdce80c41db5ca4c9fc727595a92791aef66df624af8c95b9eca	http://paul.siramy.free.fr/_divers/d2_anim/asbw.gif	live
siramy	_divers/d2_anim/asfw.gif	482829	2d5f635fa10487fe474e32d1c9f01469d5fc09d460d27dfdf62aea8a91b7cab0	http://paul.siramy.free.fr/_divers/d2_anim/asfw.gif	live
siramy	_divers/d2_anim/asnu1.gif	127549	f2e734b0e4fe83f8242a9ec141716a3e448a2227ad6e061aeb7722be3e7956fd	http://paul.siramy.free.fr/_divers/d2_anim/asnu1.gif	live
siramy	_divers/d2_anim/asnu2.gif	140954	fda38c5d380e25df4c9cf344ac1b0c5834f560d5f49b04b173f606b8bfd61b40	http://paul.siramy.free.fr/_divers/d2_anim/asnu2.gif	live
siramy	_divers/d2_anim/asnu3.gif	165155	ede49178a3ef7e5eef560f3ebf9da62e5e5a3979557f3ea492eef384a66a5c8e	http://paul.siramy.free.fr/_divers/d2_anim/asnu3.gif	live
siramy	_divers/d2_anim/babw.gif	128370	b2191fb327a4d402b81f486fbefe38abc939af846ab6ae77e474533a4b255376	http://paul.siramy.free.fr/_divers/d2_anim/babw.gif	live
siramy	_divers/d2_anim/bafw.gif	541349	4bae8b527965f00b519a614da36b78a29d996d920f58bb09476c85c0c1faa69b	http://paul.siramy.free.fr/_divers/d2_anim/bafw.gif	live
siramy	_divers/d2_anim/banu1.gif	85002	40098081633830b7cf88771bf4447331c74a5da2cf1427999c556ecf78634c6d	http://paul.siramy.free.fr/_divers/d2_anim/banu1.gif	live
siramy	_divers/d2_anim/banu2.gif	99453	548bb925653ecde2d080711a28e2f3ea8e535f74e5727839d271aa4c4adc3013	http://paul.siramy.free.fr/_divers/d2_anim/banu2.gif	live
siramy	_divers/d2_anim/banu3.gif	194162	3e0d594c8b9e7c3febb6c512a1c89a857bdb2f7cbf6a535dfc6739f8eba5375d	http://paul.siramy.free.fr/_divers/d2_anim/banu3.gif	live
siramy	_divers/d2_anim/dzbw.gif	317583	9fd473034314d91476e78df795527d78b7b7c650bddd3b74cab4f857eb6cadd4	http://paul.siramy.free.fr/_divers/d2_anim/dzbw.gif	live
siramy	_divers/d2_anim/dzfw.gif	1065513	82cea28ba317a53798bcd8f3ae965cb485a4acbe68fb31673b1c4f8703ab646c	http://paul.siramy.free.fr/_divers/d2_anim/dzfw.gif	live
siramy	_divers/d2_anim/dznu1.gif	117440	f18918a867635ccc6d0362174f07c466196ee973bf093f4bcb94ede50591599b	http://paul.siramy.free.fr/_divers/d2_anim/dznu1.gif	live
siramy	_divers/d2_anim/dznu2.gif	135965	3cbc798b524ee02aca3eedbe29b820b631d8c210d1c06e19a31708908f87e2c4	http://paul.siramy.free.fr/_divers/d2_anim/dznu2.gif	live
siramy	_divers/d2_anim/dznu3.gif	200920	0156b0a574432eb6c3a8c73308c21e26767d144aa2804549968e2a7a01ac186e	http://paul.siramy.free.fr/_divers/d2_anim/dznu3.gif	live
siramy	_divers/d2_anim/nebw.gif	285232	af013c3e113864396a29e8638d53a6f1c000f87abf312099fc6b7832cb400115	http://paul.siramy.free.fr/_divers/d2_anim/nebw.gif	live
siramy	_divers/d2_anim/nefw.gif	331922	bb330ac92793dc32cbe677a5f8fd20ab55284842e859c13db9fdfb044289814d	http://paul.siramy.free.fr/_divers/d2_anim/nefw.gif	live
siramy	_divers/d2_anim/nenu1.gif	50289	4965e5ee61c0324cf19d372ef3cfb0c4ed9c0ae00b413b9f3548cebb0c08c4df	http://paul.siramy.free.fr/_divers/d2_anim/nenu1.gif	live
siramy	_divers/d2_anim/nenu2.gif	58631	ff7060cc7f81a24e6d5df663c684b150275eb9d48d376d02249c18ecb7ed9fea	http://paul.siramy.free.fr/_divers/d2_anim/nenu2.gif	live
siramy	_divers/d2_anim/nenu3.gif	182418	f54c71356ce426af93aa5a620f18b9d06fc25c966c749d6dda72edb331ae21b1	http://paul.siramy.free.fr/_divers/d2_anim/nenu3.gif	live
siramy	_divers/d2_anim/pabw.gif	335113	aad84be5bba0679acae639d2f948f30df530f86b181490edf4cb63247f821190	http://paul.siramy.free.fr/_divers/d2_anim/pabw.gif	live
siramy	_divers/d2_anim/pafw.gif	679813	44c87a6eac277acf0676d10150658d5e16c26c307fd6991233a50be8e18e5ac5	http://paul.siramy.free.fr/_divers/d2_anim/pafw.gif	live
siramy	_divers/d2_anim/panu1.gif	163735	129ea722bdfe53dc56b4545f664eb236c90a60d6effd0445e20032770eca8a3d	http://paul.siramy.free.fr/_divers/d2_anim/panu1.gif	live
siramy	_divers/d2_anim/panu2.gif	171242	0d4dc0322f576e1fec106986d132a801a2ea42ca6a95542644b56a2e49bf6dcb	http://paul.siramy.free.fr/_divers/d2_anim/panu2.gif	live
siramy	_divers/d2_anim/panu3.gif	78135	cf4ee6bb57048885763dffd7cce87206d316ab99d180312d48590528751b3da6	http://paul.siramy.free.fr/_divers/d2_anim/panu3.gif	live
siramy	_divers/d2_anim/sobw.gif	139944	6714f4dfc3af0dbb78e9c8fdd22cb42bb484f13bb79eab2915859e39360d396d	http://paul.siramy.free.fr/_divers/d2_anim/sobw.gif	live
siramy	_divers/d2_anim/sofw.gif	239699	5649d18998e210606c7fad76a7f4b8b0a642be37c8f2be849355c715932eb140	http://paul.siramy.free.fr/_divers/d2_anim/sofw.gif	live
siramy	_divers/d2_anim/sonu1.gif	122147	4d9703a273d889aeaf6f6b693b6dd449db4c08e7001c945d34707135c8413ebb	http://paul.siramy.free.fr/_divers/d2_anim/sonu1.gif	live
siramy	_divers/d2_anim/sonu2.gif	139183	d0d6da381d73f24479ed58b04c4c0da190550a689198c2d655751422c7966ae9	http://paul.siramy.free.fr/_divers/d2_anim/sonu2.gif	live
siramy	_divers/d2_anim/sonu3.gif	88844	6740e579d94572daa9a5232a46b05181f2590375c76c22e724fbe128a452f259	http://paul.siramy.free.fr/_divers/d2_anim/sonu3.gif	live
siramy	_divers/d2_gif_palettes/d2-act0-black.gif	1087	c57da27aa32dc91478f35cb8d0bb080190847bfba31a2c6af770157e8f8020d4	http://paul.siramy.free.fr/_divers/d2_gif_palettes/d2-act0-black.gif	live
siramy	_divers/d2_gif_palettes/d2-act0-cyan.gif	1087	0bd28da07acd8025119852da2ebe9f4f7425f05e47744ad86d87e4200b2b2eb0	http://paul.siramy.free.fr/_divers/d2_gif_palettes/d2-act0-cyan.gif	live
siramy	_divers/d2_gif_palettes/d2-act1.gif	1087	88268232da5e4872bcfd88eb3db0f6b6f257efb660b5562898b101509eef70e0	http://paul.siramy.free.fr/_divers/d2_gif_palettes/d2-act1.gif	live
siramy	_divers/d2_gif_palettes/d2-act2.gif	1087	0fe824d1bdd99e3091df1d3754a24b2cf0c766d74e74db6bacf777e479e16bf3	http://paul.siramy.free.fr/_divers/d2_gif_palettes/d2-act2.gif	live
siramy	_divers/d2_gif_palettes/d2-act3.gif	1087	a8d85fa5e1a5bceb7412e9962b4dd5d91b11ad026d2aa4695b6976c29aa7660e	http://paul.siramy.free.fr/_divers/d2_gif_palettes/d2-act3.gif	live
siramy	_divers/d2_gif_palettes/d2-act4.gif	1087	0b4edd07fa16f82c55fa5cf3e8c2b1b387c9516f8d6693630daaddf2e09d1d24	http://paul.siramy.free.fr/_divers/d2_gif_palettes/d2-act4.gif	live
siramy	_divers/d2_gif_palettes/d2-act5.gif	1087	c1c1ab79dfac0320aeead6aebd260c55d116c28a6f360406c8b47bccea7e7117	http://paul.siramy.free.fr/_divers/d2_gif_palettes/d2-act5.gif	live
siramy	_divers/d2_gif_palettes/d2-endgame.gif	1087	ad5d0f5d824af8c547d910fab752deae1aa901473523c48a9ec7de0b24634e6e	http://paul.siramy.free.fr/_divers/d2_gif_palettes/d2-endgame.gif	live
siramy	_divers/d2_gif_palettes/d2-endgame2.gif	1087	47fcd14a973886cc53806718f7657ff1fcad9d2afc23bd10c87235e4c5988eec	http://paul.siramy.free.fr/_divers/d2_gif_palettes/d2-endgame2.gif	live
siramy	_divers/d2_gif_palettes/d2-fechar.gif	1087	7114da47551bcd22df7c048e6b2c8b3be7a0897abc8d1ec78bc221fb750f5e33	http://paul.siramy.free.fr/_divers/d2_gif_palettes/d2-fechar.gif	live
siramy	_divers/d2_gif_palettes/d2-loading.gif	1087	251affc6a1a513ae7938f6a4cd990c08aafd8e8055627476264b374cdacbc4a8	http://paul.siramy.free.fr/_divers/d2_gif_palettes/d2-loading.gif	live
siramy	_divers/d2_gif_palettes/d2-menu0.gif	1087	dd51ded65cd54580b1e00eaa8b36c425311497aa420478d7146b2185e791fdcf	http://paul.siramy.free.fr/_divers/d2_gif_palettes/d2-menu0.gif	live
siramy	_divers/d2_gif_palettes/d2-menu1.gif	1087	e58156507bf6a4cf7264430197bf12c7495570dcaefdd914caa7cf8395bb4436	http://paul.siramy.free.fr/_divers/d2_gif_palettes/d2-menu1.gif	live
siramy	_divers/d2_gif_palettes/d2-menu2.gif	1087	896a34283112494e46140bbcbfb2d5cadee1fed3bd1cb332bd4f1fc8ecf36ce1	http://paul.siramy.free.fr/_divers/d2_gif_palettes/d2-menu2.gif	live
siramy	_divers/d2_gif_palettes/d2-menu3.gif	1087	8b3e9932fe41850f039d5760489a63533e9112a86e5ab07d101f46707198f759	http://paul.siramy.free.fr/_divers/d2_gif_palettes/d2-menu3.gif	live
siramy	_divers/d2_gif_palettes/d2-menu4.gif	1087	0c08bc21e6b48d0472483b3ab42a723092061dcdaa939d6d452c2a0b85541d4b	http://paul.siramy.free.fr/_divers/d2_gif_palettes/d2-menu4.gif	live
siramy	_divers/d2_gif_palettes/d2-sky.gif	1087	3fc4575669370c64450730cbda094fed2102925fb2b1d08afea6a5bbc39c662c	http://paul.siramy.free.fr/_divers/d2_gif_palettes/d2-sky.gif	live
siramy	_divers/d2_gif_palettes/d2-static.gif	1087	51183cc0308ea43ac75070b2aaf4979fdbdeb2edee5c0a44efcfac1a2ba1631d	http://paul.siramy.free.fr/_divers/d2_gif_palettes/d2-static.gif	live
siramy	_divers/d2_gif_palettes/d2-trademark.gif	1087	5602274308469813fcbb2976881238947a4672fb6c4cefe224791a4e52afe542	http://paul.siramy.free.fr/_divers/d2_gif_palettes/d2-trademark.gif	live
siramy	_divers/d2_gif_palettes/d2-units.gif	1087	2d7ccdc9a313cf2305a8b59f99a40a86ac1cde73884e7cc1b886add7adbec109	http://paul.siramy.free.fr/_divers/d2_gif_palettes/d2-units.gif	live
siramy	_divers/ds1/demo1.gif	12511	7f20ef2c98badc8d0626c798494ad7c29b62a34bc55885a245085f66fedd6a74	http://paul.siramy.free.fr/_divers/ds1/demo1.gif	live
siramy	_divers/ds1/demo1_small.gif	3740	0768290d7e713b9dcd5c6bfae9191fc752d9c9e715079b51a83c22ff6f0a9689	http://paul.siramy.free.fr/_divers/ds1/demo1_small.gif	live
siramy	_divers/ds1/demo2.gif	11186	8650cc21677276bbfbef3d8e02d1709220fb462ee65ed058d9b9b37e975ba1cf	http://paul.siramy.free.fr/_divers/ds1/demo2.gif	live
siramy	_divers/ds1/demo2_small.gif	3986	e23cb3c18356d2378214cdd748e5c5f83ef60a8957bb88e33c5c241e6cfb3576	http://paul.siramy.free.fr/_divers/ds1/demo2_small.gif	live
siramy	_divers/ds1/demo3.gif	347904	3fe5c712aca90d8e8c17f3ff3ac4777a9de3a5588ec1b5435803facf5e4721e2	http://paul.siramy.free.fr/_divers/ds1/demo3.gif	live
siramy	_divers/ds1/demo3_small.gif	17156	1c44730a822a55059ba69a08180c96117a6a86dd308cd4abad43b594f1d773fd	http://paul.siramy.free.fr/_divers/ds1/demo3_small.gif	live
siramy	_divers/ds1/demo4.gif	34576	5a3d075af9aa90302f3d9db511b0a06d651f85aa5db611abb33477f57fe9ccab	http://paul.siramy.free.fr/_divers/ds1/demo4.gif	live
siramy	_divers/ds1/demo4_small.gif	4683	0a49d685ae0ccfe8f26f032a5cd364fc20e53fc0895125977861457343b73b43	http://paul.siramy.free.fr/_divers/ds1/demo4_small.gif	live
siramy	_divers/ds1/dl_ds1edit.html	10306	a3c1fe1944308f4eaa0bfba65a16f5c251f337f32d33a55beb61ef8250a807f6	http://paul.siramy.free.fr/_divers/ds1/dl_ds1edit.html	live
siramy	_divers/ds1/doc/area0_big.gif	318242	f37a85af58450373264a9dbaf0513cde9e1da691c314fda66bcf885b099e434f	http://paul.siramy.free.fr/_divers/ds1/doc/area0_big.gif	live
siramy	_divers/ds1/doc/area0_small.gif	22993	8c5b54cfdf4aa58c63e2636c2b04eac29cd1954a524b43ce3d2eeb83f5e12562	http://paul.siramy.free.fr/_divers/ds1/doc/area0_small.gif	live
siramy	_divers/ds1/doc/area10_big.gif	313579	eeb688ae903dde0cda779ea2556d5956717898b2d0a2bb8e516055ec3079372d	http://paul.siramy.free.fr/_divers/ds1/doc/area10_big.gif	live
siramy	_divers/ds1/doc/area10_small.gif	21559	544ac155d1d1efc40460aba50293c73d7d8bc97be6f98f31958d0688216f0e70	http://paul.siramy.free.fr/_divers/ds1/doc/area10_small.gif	live
siramy	_divers/ds1/doc/area1_big.gif	327957	ffee58d7f2e402b15b90ca68af1506dcabf21d1fdc195626cce59074fc6b6122	http://paul.siramy.free.fr/_divers/ds1/doc/area1_big.gif	live
siramy	_divers/ds1/doc/area1_small.gif	21947	79239e6029c1afcf83bd5413ff963f623043146a307fdfd68afebbedcb40d585	http://paul.siramy.free.fr/_divers/ds1/doc/area1_small.gif	live
siramy	_divers/ds1/doc/area2_big.gif	315930	f34a6b1ffcb648d6e27540f5cdf6f9394a16477b65fb274ee3c49629c1e6e29a	http://paul.siramy.free.fr/_divers/ds1/doc/area2_big.gif	live
siramy	_divers/ds1/doc/area2_small.gif	22453	d6648086e039e0703655f5896d7cc5a4c5e1074327d2dcc543ca6a490232ac45	http://paul.siramy.free.fr/_divers/ds1/doc/area2_small.gif	live
siramy	_divers/ds1/doc/area3_big.gif	289831	cd037620ff17ef882986542a7b40b498d0026297dcea3af543999c5dcb3bdabb	http://paul.siramy.free.fr/_divers/ds1/doc/area3_big.gif	live
siramy	_divers/ds1/doc/area3_small.gif	20460	733f6c4c77953710acacbe540da0b4a41b128d06443fa885c2ec708abea9320a	http://paul.siramy.free.fr/_divers/ds1/doc/area3_small.gif	live
siramy	_divers/ds1/doc/area4_big.gif	299617	1374075886c6aefee687a543295b1343e484c4579d6101c269f88065cc5b5b4f	http://paul.siramy.free.fr/_divers/ds1/doc/area4_big.gif	live
siramy	_divers/ds1/doc/area4_small.gif	16977	8da38a59bd4e0172c6606a0e71a53f58dc270d0541fbf549dca8f08b9586212a	http://paul.siramy.free.fr/_divers/ds1/doc/area4_small.gif	live
siramy	_divers/ds1/doc/area5_big.gif	103788	9cc9d03c02d3575b9e713f40fcb4342c7abbdd251ef07351e98d6ab5faf7a4d1	http://paul.siramy.free.fr/_divers/ds1/doc/area5_big.gif	live
siramy	_divers/ds1/doc/area5_small.gif	12944	d12af4bf88d2cbffdfd8300d86c16663dc06d32107b0248c40f51697264f3950	http://paul.siramy.free.fr/_divers/ds1/doc/area5_small.gif	live
siramy	_divers/ds1/doc/area6_big.gif	310057	438dac87a0432bcb84f8100dd0b085c9eb82c167a03c3e046dfcedcde5571db8	http://paul.siramy.free.fr/_divers/ds1/doc/area6_big.gif	live
siramy	_divers/ds1/doc/area6_small.gif	22025	59ceb6b87aea41a7f6ec5581f0ed9e15fe4bce3619ca0552a9eb16b52dbd8914	http://paul.siramy.free.fr/_divers/ds1/doc/area6_small.gif	live
siramy	_divers/ds1/doc/area7_big.gif	308801	b6cd84a81c2cce752603b6c8eafa6589ba5de6300de80d6363f0757994bbc328	http://paul.siramy.free.fr/_divers/ds1/doc/area7_big.gif	live
siramy	_divers/ds1/doc/area7_small.gif	23353	1cc268ae3cbb89815d34e0b3de43535895998f03a97e8829bd1eb353a0cd2afb	http://paul.siramy.free.fr/_divers/ds1/doc/area7_small.gif	live
siramy	_divers/ds1/doc/area8_big.gif	104209	5001e5cdf16efca2002e193bd35dc1b0684141ceb2117bdb61007f5797d54d2f	http://paul.siramy.free.fr/_divers/ds1/doc/area8_big.gif	live
siramy	_divers/ds1/doc/area8_small.gif	13104	9239c2cdeb648af1d961a000c57b302c2f60edd2a1af405035cbfd7cb48e41dc	http://paul.siramy.free.fr/_divers/ds1/doc/area8_small.gif	live
siramy	_divers/ds1/doc/area9_big.gif	92368	344041307c91a9f111b3c95268c5f35bb37f6e7ec9a90c961dbedbcab298bac3	http://paul.siramy.free.fr/_divers/ds1/doc/area9_big.gif	live
siramy	_divers/ds1/doc/area9_small.gif	11879	7a7aaff08a6a097376453aca8749feacec2f5c60d13ea730db2fdbd5d8e61c52	http://paul.siramy.free.fr/_divers/ds1/doc/area9_small.gif	live
siramy	_divers/ds1/doc/bitfield_big.gif	169504	493b69853313073b3810479c0920391b716b15b5f78046e9628a71d1820393c2	http://paul.siramy.free.fr/_divers/ds1/doc/bitfield_big.gif	live
siramy	_divers/ds1/doc/bitfield_small.gif	14190	165951c9739248b4ba91969bf199321058cc6894d7ede17c1a2ffa09ecc4f986	http://paul.siramy.free.fr/_divers/ds1/doc/bitfield_small.gif	live
siramy	_divers/ds1/doc/bitfieldv2a_big.gif	298724	800f87c676a167cf60da58a6173e2795bfc71a571143e328a4a73c39ea87b688	http://paul.siramy.free.fr/_divers/ds1/doc/bitfieldv2a_big.gif	live
siramy	_divers/ds1/doc/bitfieldv2a_small.gif	19805	92e7f71d3429517f7e6363a7d868000b00b9768be34f4c7759a9b2f3619bd5af	http://paul.siramy.free.fr/_divers/ds1/doc/bitfieldv2a_small.gif	live
siramy	_divers/ds1/doc/bitfieldv2b_big.gif	214209	ffd9255f48892a8f5f186ed2aff0ad384606bf5b220fecbf52ff8487bd11c054	http://paul.siramy.free.fr/_divers/ds1/doc/bitfieldv2b_big.gif	live
siramy	_divers/ds1/doc/bitfieldv2b_small.gif	15528	15e2b87b89a82ac1bc5a50eaef0094f6b6e0b3c75a4b27350b50c35ef8a041d0	http://paul.siramy.free.fr/_divers/ds1/doc/bitfieldv2b_small.gif	live
siramy	_divers/ds1/doc/bitfieldv2c_big.gif	292440	3e687974280b328821de9017a04bf1201c9f46a71c1166e44894ba41d0cb1725	http://paul.siramy.free.fr/_divers/ds1/doc/bitfieldv2c_big.gif	live
siramy	_divers/ds1/doc/bitfieldv2c_small.gif	18878	ab9c5b265dc4755943324c99af7706014d88da7c152608d2c6dcdd522a0678bd	http://paul.siramy.free.fr/_divers/ds1/doc/bitfieldv2c_small.gif	live
siramy	_divers/ds1/doc/cain_animated.gif	54595	1548eff4ed03c71039e09b222aae8f3b529425ef435364ee087edcf9c0521efc	http://paul.siramy.free.fr/_divers/ds1/doc/cain_animated.gif	live
siramy	_divers/ds1/doc/cain_inanimated.gif	15097	552b899c63650cf5a34504733d68deaa609ef17fba68e3947b268bc20f3e9b9b	http://paul.siramy.free.fr/_divers/ds1/doc/cain_inanimated.gif	live
siramy	_divers/ds1/doc/cain_none.gif	14941	840b76e39e9d70828409cefe99f71e06fd312a0b7fc4941211857c9db299210a	http://paul.siramy.free.fr/_divers/ds1/doc/cain_none.gif	live
siramy	_divers/ds1/doc/copy0_big.gif	293329	11a38a82947dea5a7877c6925122f29ed35c81d041ba0a3c35988bb67196ec29	http://paul.siramy.free.fr/_divers/ds1/doc/copy0_big.gif	live
siramy	_divers/ds1/doc/copy0_small.gif	17496	eb78854e8064bedf9c0f93398b091f43db065491c79d752103f66de2652e822a	http://paul.siramy.free.fr/_divers/ds1/doc/copy0_small.gif	live
siramy	_divers/ds1/doc/copy1_big.gif	289827	a0e9cfc8d27b4413d8b6b750175e885fb36ef599ade3d3a8186623e45d6e4327	http://paul.siramy.free.fr/_divers/ds1/doc/copy1_big.gif	live
siramy	_divers/ds1/doc/copy1_small.gif	18440	fb100a640cf2b23e5cb2722fbcd763eb832f828053675b4fee393193454d5af2	http://paul.siramy.free.fr/_divers/ds1/doc/copy1_small.gif	live
siramy	_divers/ds1/doc/copy2_big.gif	275441	2ac95378615ecb325747ca676119511c442a760aabd375a1284174f8a1a8ba11	http://paul.siramy.free.fr/_divers/ds1/doc/copy2_big.gif	live
siramy	_divers/ds1/doc/copy2_small.gif	18456	95b21dfb1b87133c1a2590216d39d68861e7f71704d2b1711bf51ad20f8a7013	http://paul.siramy.free.fr/_divers/ds1/doc/copy2_small.gif	live
siramy	_divers/ds1/doc/copy3_big.gif	318143	8a6eef3376988d8151814d040c2297f82c118bbee4fb448491d368757ff59b31	http://paul.siramy.free.fr/_divers/ds1/doc/copy3_big.gif	live
siramy	_divers/ds1/doc/copy3_small.gif	18323	c57fb5765f3ea9ebfaf3c096b50aa28f5611cf023bc60c1d6312b193e4450561	http://paul.siramy.free.fr/_divers/ds1/doc/copy3_small.gif	live
siramy	_divers/ds1/doc/cut0_big.gif	312005	5ed320237463ed734565d450633caabab6fc5dffddf5e80835fc135e23952851	http://paul.siramy.free.fr/_divers/ds1/doc/cut0_big.gif	live
siramy	_divers/ds1/doc/cut0_small.gif	20335	5788ec56c1f84e7b1b08579df520ebbf69b3d44e2054a6b672415ca6c9ac0c70	http://paul.siramy.free.fr/_divers/ds1/doc/cut0_small.gif	live
siramy	_divers/ds1/doc/cut1_big.gif	315410	78a15bbc2aa16f1d672dedf47acd432c98746258286f5b5f633d644ac77d03c3	http://paul.siramy.free.fr/_divers/ds1/doc/cut1_big.gif	live
siramy	_divers/ds1/doc/cut1_small.gif	20163	f83dcb678a522b704cf506d171cf5308897087800edb2bf1b302469cc989e386	http://paul.siramy.free.fr/_divers/ds1/doc/cut1_small.gif	live
siramy	_divers/ds1/doc/cut2_big.gif	311723	c9e6b320009350f1e688758fa8f20514d8a10913540a83a990f91dd47ad5afdc	http://paul.siramy.free.fr/_divers/ds1/doc/cut2_big.gif	live
siramy	_divers/ds1/doc/cut2_small.gif	19926	5467df58c2bd4a458df6a94a652ce84e296705e112b4209541c0e8251194f1d1	http://paul.siramy.free.fr/_divers/ds1/doc/cut2_small.gif	live
siramy	_divers/ds1/doc/cut3_big.gif	321630	ab90edbc189a984001b21cd47e875fb9defe1c5e44f480e6a9b6e0d56b29f00b	http://paul.siramy.free.fr/_divers/ds1/doc/cut3_big.gif	live
siramy	_divers/ds1/doc/cut3_small.gif	20576	698bc30d331e6f372f9210efee9c7602172c4416e7ef9b88a3316539047c5879	http://paul.siramy.free.fr/_divers/ds1/doc/cut3_small.gif	live
siramy	_divers/ds1/doc/f10off_big.gif	368960	5ec40cb8b7f945b9d0159ed08fe2774f36ccd38f970c007824f2227320fc7930	http://paul.siramy.free.fr/_divers/ds1/doc/f10off_big.gif	live
siramy	_divers/ds1/doc/f10off_small.gif	23426	9b4967f7b84c7af68023968d28cad93967fd31e0d6288414976e0774c982a2ea	http://paul.siramy.free.fr/_divers/ds1/doc/f10off_small.gif	live
siramy	_divers/ds1/doc/f10on_big.gif	372819	2564e863c27c849c7446fd37ceeaf99e09b4043676c79e9d641c87596e4b975e	http://paul.siramy.free.fr/_divers/ds1/doc/f10on_big.gif	live
siramy	_divers/ds1/doc/f10on_small.gif	23271	fd5152b74748dc78ea3603cb9af16a3cc0bb203d43ff8b317c3bda1e4bf2cb63	http://paul.siramy.free.fr/_divers/ds1/doc/f10on_small.gif	live
siramy	_divers/ds1/doc/f1_green.gif	98	dd87da3a1a7faeaa263b9940f2c1760c5ed5dd8b8f9eaf52dbaadec5ee4a5054	http://paul.siramy.free.fr/_divers/ds1/doc/f1_green.gif	live
siramy	_divers/ds1/doc/f1_red.gif	98	f753a5c4361d588b72cc617a1cc8f055552ae3081e815eb8e91a986f6083faec	http://paul.siramy.free.fr/_divers/ds1/doc/f1_red.gif	live
siramy	_divers/ds1/doc/f1offf2off_big.gif	64593	6f467a3570319adb4994b1b0a63ede86268b64fb373029a3e25e91aa1939a8aa	http://paul.siramy.free.fr/_divers/ds1/doc/f1offf2off_big.gif	live
siramy	_divers/ds1/doc/f1offf2off_small.gif	7370	f62678e18eafe70585cd22efc5fd672980726c82f3329c22f139ab4f4f28eaf9	http://paul.siramy.free.fr/_divers/ds1/doc/f1offf2off_small.gif	live
siramy	_divers/ds1/doc/f1offf2on_big.gif	109527	15b51edd615c67e73e906a61386fead329b0056fc99e3856d35260b719a00e67	http://paul.siramy.free.fr/_divers/ds1/doc/f1offf2on_big.gif	live
siramy	_divers/ds1/doc/f1offf2on_small.gif	9750	2f7c5b508cfcc277e696bddfd37ee38f80c56d43b545ec912bb4446d64508a31	http://paul.siramy.free.fr/_divers/ds1/doc/f1offf2on_small.gif	live
siramy	_divers/ds1/doc/f1onf2off_big.gif	133360	9aced9bc0f19c10253ac9e02fab23252b5dc1683998d74c8b8550910a1a58331	http://paul.siramy.free.fr/_divers/ds1/doc/f1onf2off_big.gif	live
siramy	_divers/ds1/doc/f1onf2off_small.gif	10476	9de4a8ec453f39f9300c6e1f94494b893072311726fe84e891187c3ff8a360d8	http://paul.siramy.free.fr/_divers/ds1/doc/f1onf2off_small.gif	live
siramy	_divers/ds1/doc/f1onf2on_big.gif	173757	97e4f3a1546d2dc1c88dc5ac6713a775e5d814fedb37dabbc14bdbdaddc5341d	http://paul.siramy.free.fr/_divers/ds1/doc/f1onf2on_big.gif	live
siramy	_divers/ds1/doc/f1onf2on_small.gif	11675	5f86e75247c535f097287a0ede21707dda63b535fa088b6345c127be4920b623	http://paul.siramy.free.fr/_divers/ds1/doc/f1onf2on_small.gif	live
siramy	_divers/ds1/doc/f2_green.gif	99	d61c70e6599c91ab78c8a2040c989276057a06402cc70867d3d62d011e509f0d	http://paul.siramy.free.fr/_divers/ds1/doc/f2_green.gif	live
siramy	_divers/ds1/doc/f2_red.gif	99	61062d9c4015c120203f3333ec7f7ee59bd20c08fffc3206edbed144bad92432	http://paul.siramy.free.fr/_divers/ds1/doc/f2_red.gif	live
siramy	_divers/ds1/doc/f3_0.gif	125	dd2cff59f34a6fed67b618e62915e712fb9491495aec2b37e8d67eb86742c4c0	http://paul.siramy.free.fr/_divers/ds1/doc/f3_0.gif	live
siramy	_divers/ds1/doc/f3_1.gif	124	4d0f33e5d88f74a2e3cf1653153aaf5e54641f1f281e3755b35aaa03c886f6f6	http://paul.siramy.free.fr/_divers/ds1/doc/f3_1.gif	live
siramy	_divers/ds1/doc/f3_2.gif	125	104dbe91b156f2b93b303bab5027f7b72562cc9f0e24c980cec2fe07c91bf3e1	http://paul.siramy.free.fr/_divers/ds1/doc/f3_2.gif	live
siramy	_divers/ds1/doc/f4_0.gif	109	596bd2fefdfe6110bdb640751f2d54c1204e6b0fbdd7d43111cfc8d7facc144c	http://paul.siramy.free.fr/_divers/ds1/doc/f4_0.gif	live
siramy	_divers/ds1/doc/f4_1.gif	109	12aaef9da598dfd03db196a7044feec1b9cca2f480b58c52abdddaffea5c4de2	http://paul.siramy.free.fr/_divers/ds1/doc/f4_1.gif	live
siramy	_divers/ds1/doc/f4_2.gif	109	76d3e77eb4d6bce651c6b07fbef761ee6d786b71a42a707401efe8cce93af500	http://paul.siramy.free.fr/_divers/ds1/doc/f4_2.gif	live
siramy	_divers/ds1/doc/f4_3.gif	109	65efc16641f5b6f67be00b029414d01601f945c81378deb994463318ff68759d	http://paul.siramy.free.fr/_divers/ds1/doc/f4_3.gif	live
siramy	_divers/ds1/doc/f4_name.gif	5947	fc554638d031aaaa9e0fcb017cc15f79035a658df14e7e4aa26955ebb9e75abd	http://paul.siramy.free.fr/_divers/ds1/doc/f4_name.gif	live
siramy	_divers/ds1/doc/f4_none.gif	5918	58cc5b79ea21e78c2d0aba891c874ebd099f237962a5677362f74abe247573a7	http://paul.siramy.free.fr/_divers/ds1/doc/f4_none.gif	live
siramy	_divers/ds1/doc/f4_speed.gif	5887	2d3a4d9c63c1a8ed11e558f20db5e3d3257d7245f0519e23fe58a650b698ba74	http://paul.siramy.free.fr/_divers/ds1/doc/f4_speed.gif	live
siramy	_divers/ds1/doc/f4_typeid.gif	5893	d5dc1d7be274d4f46209fddb329e24ac354cbb799d236ec0fefc4cd257708f97	http://paul.siramy.free.fr/_divers/ds1/doc/f4_typeid.gif	live
siramy	_divers/ds1/doc/f9on_big.gif	295673	a64a61dd6125eb67453e1ecd43a73f0be678167b59cac2d558c5df03a16ae2ce	http://paul.siramy.free.fr/_divers/ds1/doc/f9on_big.gif	live
siramy	_divers/ds1/doc/f9on_small.gif	22128	8857e7aff73848ec339e8fa16b82c43cb96f478d46117081bb0ba49bd2785a05	http://paul.siramy.free.fr/_divers/ds1/doc/f9on_small.gif	live
siramy	_divers/ds1/doc/i0_big.gif	315461	bcc8edb704431320b1b6001b79d37c76010d1fbe88419fc64703fb3ce4510ac8	http://paul.siramy.free.fr/_divers/ds1/doc/i0_big.gif	live
siramy	_divers/ds1/doc/i0_small.gif	20610	c5eb4d855d0e4f6a94481298587d626119961df7312c7be2d856ed078e1e7e22	http://paul.siramy.free.fr/_divers/ds1/doc/i0_small.gif	live
siramy	_divers/ds1/doc/i10_big.gif	158868	83999f73fe81cbbc3121b2bd301e5d131d2b27cbd8ddc8143f0ebc37f5bd53c1	http://paul.siramy.free.fr/_divers/ds1/doc/i10_big.gif	live
siramy	_divers/ds1/doc/i10_small.gif	12775	05948cec5742f14cf402104a8d25ebf77089da7c909e5fd38a3858a0d74dd116	http://paul.siramy.free.fr/_divers/ds1/doc/i10_small.gif	live
siramy	_divers/ds1/doc/i1_big.gif	315414	1e28013eaa02bfc2018c762b41f73c60efcb1d80110a18871e6f88d9c94f4489	http://paul.siramy.free.fr/_divers/ds1/doc/i1_big.gif	live
siramy	_divers/ds1/doc/i1_small.gif	23292	c990030ca7c826902f8af6175e21694750bd13aedeb8294b14465733ecd151d5	http://paul.siramy.free.fr/_divers/ds1/doc/i1_small.gif	live
siramy	_divers/ds1/doc/i2_big.gif	180669	4da7f0ab6ac8e87d38345b9ebde88a15c9bb8cad373da8e2407bf29644bda574	http://paul.siramy.free.fr/_divers/ds1/doc/i2_big.gif	live
siramy	_divers/ds1/doc/i2_small.gif	16131	cca28079189214678fd8f591ef7e133db55be65ed21470ea5fbf7a933142f664	http://paul.siramy.free.fr/_divers/ds1/doc/i2_small.gif	live
siramy	_divers/ds1/doc/i3_big.gif	175147	c6ad4fdca2956b34351cb9cfdb750a0f0ea6ca985675feade1812007f0122a3a	http://paul.siramy.free.fr/_divers/ds1/doc/i3_big.gif	live
siramy	_divers/ds1/doc/i3_small.gif	15088	e94cc36da764785a12c48cfb85f84ef5566ad8fd7d39199d49195c77149ca3ce	http://paul.siramy.free.fr/_divers/ds1/doc/i3_small.gif	live
siramy	_divers/ds1/doc/i4_big.gif	309343	fd030ad249d0388d6eb0deccc9be1cd49d62c5cbf45d1d31a4d43507d04d110c	http://paul.siramy.free.fr/_divers/ds1/doc/i4_big.gif	live
siramy	_divers/ds1/doc/i4_small.gif	21908	4cb7de7e743102528829a53e53362c3b726482657199cf5423e0c990000d1ef1	http://paul.siramy.free.fr/_divers/ds1/doc/i4_small.gif	live
siramy	_divers/ds1/doc/i5_big.gif	312836	aeb0a09b08a53501be82b9274c527022dc3ade33a9d5f14b7f9dc211799aec71	http://paul.siramy.free.fr/_divers/ds1/doc/i5_big.gif	live
siramy	_divers/ds1/doc/i5_small.gif	20701	7e68b7b290f4809fe7a4e7917a395e2b1f59e75cbada8beac131fd3da5f94b11	http://paul.siramy.free.fr/_divers/ds1/doc/i5_small.gif	live
siramy	_divers/ds1/doc/i6_big.gif	325268	c10d4d41fd240a4b602ec36e97b28ef1162e0ee8b93eadba1ff553ddb0ccd9b2	http://paul.siramy.free.fr/_divers/ds1/doc/i6_big.gif	live
siramy	_divers/ds1/doc/i6_small.gif	24219	89e1ba3952bb0a611c6451db369100ed9c9f69520a9b305034e612f6fa0f6d23	http://paul.siramy.free.fr/_divers/ds1/doc/i6_small.gif	live
siramy	_divers/ds1/doc/i7_big.gif	307448	696e5b74b7bb5592349900013599f8c25a1e3b29ebc93083b7ab064397e8d3f4	http://paul.siramy.free.fr/_divers/ds1/doc/i7_big.gif	live
siramy	_divers/ds1/doc/i7_small.gif	24060	518bf69c536b9aaa34ac83d4140b9b55bc7ae335f5a84e0d049a8261c42e7d82	http://paul.siramy.free.fr/_divers/ds1/doc/i7_small.gif	live
siramy	_divers/ds1/doc/i8_big.gif	170166	3ad508eb488bec3c7b294ca57390d0f0bf0dd7d41ce43af9d55c1bf46d667791	http://paul.siramy.free.fr/_divers/ds1/doc/i8_big.gif	live
siramy	_divers/ds1/doc/i8_small.gif	18249	13c4f8f4928868a20ea0eee3433b464d5f399da459394ed4923f37c886dcf1aa	http://paul.siramy.free.fr/_divers/ds1/doc/i8_small.gif	live
siramy	_divers/ds1/doc/i9_big.gif	165112	5e3b0892e9fbc522d91d521b44e54c940f02e2c791370133bf49d6fdab593850	http://paul.siramy.free.fr/_divers/ds1/doc/i9_big.gif	live
siramy	_divers/ds1/doc/i9_small.gif	18094	cf3382f72fa450d4c538e27145439370e777395c2e87ddfc7d23b340b6c95afb	http://paul.siramy.free.fr/_divers/ds1/doc/i9_small.gif	live
siramy	_divers/ds1/doc/index.html	147572	687a9e41c6c2538ae9b12b7c33320a852f04d64b288a71eaeab2669b441bc78d	http://paul.siramy.free.fr/_divers/ds1/doc/index.html	live
siramy	_divers/ds1/doc/load_done_big.gif	337690	daa8afebeeea4edf88d851f1155da0b0e01eafea95a46eb53c52223e6ec806a3	http://paul.siramy.free.fr/_divers/ds1/doc/load_done_big.gif	live
siramy	_divers/ds1/doc/load_done_small.gif	19697	4125b276a3eccba62d87a68240bb4c2ce5adfa957c3e661c09920b93760fedb7	http://paul.siramy.free.fr/_divers/ds1/doc/load_done_small.gif	live
siramy	_divers/ds1/doc/loading_big.gif	15684	db49e040b4405c19bd0ccdfb4937ce9776b6215dfd9a61c3ec9100e9d05fb093	http://paul.siramy.free.fr/_divers/ds1/doc/loading_big.gif	live
siramy	_divers/ds1/doc/loading_small.gif	10492	a0566a577233f83be5d26008f73b6b73c5edfe52473527340b4cfc4b34385ae4	http://paul.siramy.free.fr/_divers/ds1/doc/loading_small.gif	live
siramy	_divers/ds1/doc/mode_objects.gif	211	df3f7c363bc870110e05e8555a2e7d9e7e8c0c3423f40eaae77eab221350043e	http://paul.siramy.free.fr/_divers/ds1/doc/mode_objects.gif	live
siramy	_divers/ds1/doc/mode_paths.gif	188	1b2b439c2d57d72577b52b4a15cd67e5755c72accdc495872573449e66cae396	http://paul.siramy.free.fr/_divers/ds1/doc/mode_paths.gif	live
siramy	_divers/ds1/doc/mode_tiles.gif	185	6c395a2c9c60ec0558234d5db9ad4a272544e27b88e9ec45471b468deae8bd3d	http://paul.siramy.free.fr/_divers/ds1/doc/mode_tiles.gif	live
siramy	_divers/ds1/doc/night0_big.gif	343410	63f3b44ed41c49e2fa05ef17034c1727e9e57647e96a1cba1d3e62e59891c912	http://paul.siramy.free.fr/_divers/ds1/doc/night0_big.gif	live
siramy	_divers/ds1/doc/night0_small.gif	26466	ab302f3c8bd3230ce18e78c36b6d6e6440d3dd89cd7a1e5bb117a8b711a40633	http://paul.siramy.free.fr/_divers/ds1/doc/night0_small.gif	live
siramy	_divers/ds1/doc/night1_big.gif	239251	8f23d0a231c9bb5bff9e183239d417212042c3684a9e786b46458ea192c61b6c	http://paul.siramy.free.fr/_divers/ds1/doc/night1_big.gif	live
siramy	_divers/ds1/doc/night1_small.gif	21044	71acf01d463c1a2ed59d59c29962052bc2ea82572a55477e4604cff9a92e6e43	http://paul.siramy.free.fr/_divers/ds1/doc/night1_small.gif	live
siramy	_divers/ds1/doc/night2_big.gif	240359	851152cce5cd59daee09912836560edebadb2f9196be546faf3f5e3a984b0469	http://paul.siramy.free.fr/_divers/ds1/doc/night2_big.gif	live
siramy	_divers/ds1/doc/night2_small.gif	21145	47c216cff08cc69f1a79b9da5d90da751bb232ea81f9792d475335e09491cdd9	http://paul.siramy.free.fr/_divers/ds1/doc/night2_small.gif	live
siramy	_divers/ds1/doc/path_green.gif	123	5d79fc809c5d2b3b2768d48a4b049145dde1e66eb547a83b8fde7b76ab79f83c	http://paul.siramy.free.fr/_divers/ds1/doc/path_green.gif	live
siramy	_divers/ds1/doc/path_red.gif	123	bed1a94f4dd75122fcf071de1dfb3d71cd49751565a88a54e12c79a4c8d7a483	http://paul.siramy.free.fr/_divers/ds1/doc/path_red.gif	live
siramy	_divers/ds1/doc/pathedit1_big.gif	247339	6cee7717dc2469257e5dc8c6cdf77e0ccd0a6ff2e3a1f907704fd01cdf99c8d3	http://paul.siramy.free.fr/_divers/ds1/doc/pathedit1_big.gif	live
siramy	_divers/ds1/doc/pathedit1_small.gif	14609	76596f20a27f156e1e363b161603d3ebe10fdf044b0c86639c07f492e37acb9c	http://paul.siramy.free.fr/_divers/ds1/doc/pathedit1_small.gif	live
siramy	_divers/ds1/doc/pathedit2_big.gif	239776	760f7c3598844334b9cd310b539ecb4347bedfe3c8d2ba4780787979418378e5	http://paul.siramy.free.fr/_divers/ds1/doc/pathedit2_big.gif	live
siramy	_divers/ds1/doc/pathedit2_small.gif	15247	e686491d12e5633df994c3ebe8bc541b186eb02ce55783ac836767dcdaf1f6e0	http://paul.siramy.free.fr/_divers/ds1/doc/pathedit2_small.gif	live
siramy	_divers/ds1/doc/pathedit3_big.gif	229997	7f6755f07007ab746a339228a0d730f890caf2df11995091b70f91e3fe2d7932	http://paul.siramy.free.fr/_divers/ds1/doc/pathedit3_big.gif	live
siramy	_divers/ds1/doc/pathedit3_small.gif	15310	05a6af4d25cb683ebde7011bb7a09fed21818c10d82e9ff2ae6e01af27fc7ce2	http://paul.siramy.free.fr/_divers/ds1/doc/pathedit3_small.gif	live
siramy	_divers/ds1/doc/pathedit4_big.gif	239805	d9e16da0a63bb7505a8d040a646d37d77e1bcabaa4cc830b9b588507b87c7be6	http://paul.siramy.free.fr/_divers/ds1/doc/pathedit4_big.gif	live
siramy	_divers/ds1/doc/pathedit4_small.gif	15500	491e98a5f032d88d407f1a8678a23a8cd5000eb4f48081b251d77566a5317a07	http://paul.siramy.free.fr/_divers/ds1/doc/pathedit4_small.gif	live
siramy	_divers/ds1/doc/pathedit5_big.gif	240707	4bb7b3d827ec39a215a15b061e70f32ec82e752875a0571e670554a4cdde0ea5	http://paul.siramy.free.fr/_divers/ds1/doc/pathedit5_big.gif	live
siramy	_divers/ds1/doc/pathedit5_small.gif	15938	08a5749c49add4b22e2950b8427613bd966f40c431d6695a16776af05cbb5e42	http://paul.siramy.free.fr/_divers/ds1/doc/pathedit5_small.gif	live
siramy	_divers/ds1/doc/pathedit6_big.gif	320817	c38d7f05021dbb733e39dc7bd865758726af3f6f1c0217210bd3fba109351a80	http://paul.siramy.free.fr/_divers/ds1/doc/pathedit6_big.gif	live
siramy	_divers/ds1/doc/pathedit6_small.gif	17689	dbcbd7aa7b5bb799245233bea96ded087115791b6f7203de4b21c91156edea48	http://paul.siramy.free.fr/_divers/ds1/doc/pathedit6_small.gif	live
siramy	_divers/ds1/doc/r_after.gif	480	ee82bf956646af90ea21a9520b140e0ac29011a2f9e278dc46604a53ec67faac	http://paul.siramy.free.fr/_divers/ds1/doc/r_after.gif	live
siramy	_divers/ds1/doc/r_before.gif	469	8dec04971aae88f8c5cd8abb44aad53fa8d4f5d3020af5a9f4d89f29b18961ca	http://paul.siramy.free.fr/_divers/ds1/doc/r_before.gif	live
siramy	_divers/ds1/doc/r_img_after.gif	6197	fc525ccc8d723293a9f2826a752879689bbcc6c38480cf262f6746271e799422	http://paul.siramy.free.fr/_divers/ds1/doc/r_img_after.gif	live
siramy	_divers/ds1/doc/r_img_before.gif	6293	d7b67ae35ef98bf7ddb7c0cea8926b93758ca58f49a0f5d6f369071dcf8530b4	http://paul.siramy.free.fr/_divers/ds1/doc/r_img_before.gif	live
siramy	_divers/ds1/doc/refresh_rate.gif	10931	db361b49d441c9b288bdc53d3028b98f410ce3dec584fc3140f5471760f3b305	http://paul.siramy.free.fr/_divers/ds1/doc/refresh_rate.gif	live
siramy	_divers/ds1/doc/shad_0.gif	29199	b065d547feea134fdc1c6e91e2fcd4e2d7c5fa36d86412cf782677b6a28fb5a8	http://paul.siramy.free.fr/_divers/ds1/doc/shad_0.gif	live
siramy	_divers/ds1/doc/shad_1.gif	27656	8067e148af423897c9b247167d74992ee4226adad05ae417ee5ee8e6ec3a5716	http://paul.siramy.free.fr/_divers/ds1/doc/shad_1.gif	live
siramy	_divers/ds1/doc/shad_2.gif	17478	c14e4c3e73b4c44d15d86a7b4e0d320cf53bbc39e4603e30501b089c23adc822	http://paul.siramy.free.fr/_divers/ds1/doc/shad_2.gif	live
siramy	_divers/ds1/doc/shad_3.gif	29375	468229efe402f27562858fdb634f1e125f5aa24adb402e85532f646d678db39c	http://paul.siramy.free.fr/_divers/ds1/doc/shad_3.gif	live
siramy	_divers/ds1/doc/shad_green.gif	117	f652c6aa8b9e4c72ea252a6255a11cb7a1e419cc0365987202ae4eaff68d0725	http://paul.siramy.free.fr/_divers/ds1/doc/shad_green.gif	live
siramy	_divers/ds1/doc/shad_grey.gif	117	fc9b07952f1302db0c1bf75f92154afcfd0f5a9470a726c45ff0d7e619920446	http://paul.siramy.free.fr/_divers/ds1/doc/shad_grey.gif	live
siramy	_divers/ds1/doc/shad_red.gif	117	a700da082555f61bdd886ddbe19b9df72e173dd7bbeb7cd733a8ec1aa041b9bc	http://paul.siramy.free.fr/_divers/ds1/doc/shad_red.gif	live
siramy	_divers/ds1/doc/shad_white.gif	117	29eafe3319611e0ee464d7471b2e887098973bddb54560e8950540ce98e1582e	http://paul.siramy.free.fr/_divers/ds1/doc/shad_white.gif	live
siramy	_divers/ds1/doc/spl_green.gif	106	1d943fb6fbb9dc1695f2332140316c6061831903a63c94d3a05954f1b055d6b0	http://paul.siramy.free.fr/_divers/ds1/doc/spl_green.gif	live
siramy	_divers/ds1/doc/spl_red.gif	106	0c862bf0090cc51ef1aef3d98d7124eefdf58769e6e4e96f703f37b8f14f1680	http://paul.siramy.free.fr/_divers/ds1/doc/spl_red.gif	live
siramy	_divers/ds1/doc/tab_obj_big.gif	319725	e588693645bbdc88c0a40248e9f7a5a5b02939620998cbc57a4765affe05e60b	http://paul.siramy.free.fr/_divers/ds1/doc/tab_obj_big.gif	live
siramy	_divers/ds1/doc/tab_obj_small.gif	22557	cf2b915c01e2b50b1ef0ad33b4e97eb98f599b02dd2e6e37785812bb80623edc	http://paul.siramy.free.fr/_divers/ds1/doc/tab_obj_small.gif	live
siramy	_divers/ds1/doc/tab_path_big.gif	246522	9eda9b3dcb1c7b17feca68c143fbea417877d7c4d51aef4452766149680b4ad5	http://paul.siramy.free.fr/_divers/ds1/doc/tab_path_big.gif	live
siramy	_divers/ds1/doc/tab_path_small.gif	18713	d59012a655cdb60acf4adddfafa6bf950e25cd082eadd8bd7ff28a61df791e92	http://paul.siramy.free.fr/_divers/ds1/doc/tab_path_small.gif	live
siramy	_divers/ds1/doc/tab_tile_big.gif	296076	536dca1536aacdd87d0b7b7f999aec65193591e9d95c3c167a13313bc3d1db8b	http://paul.siramy.free.fr/_divers/ds1/doc/tab_tile_big.gif	live
siramy	_divers/ds1/doc/tab_tile_small.gif	21935	2ac3d760cb487a9cf462897d954c9e990ac043961b51b5135b2c15b7e73bffaa	http://paul.siramy.free.fr/_divers/ds1/doc/tab_tile_small.gif	live
siramy	_divers/ds1/doc/throne0_big.gif	131027	f8dca8133ef4cbc3bdf64f1c861d338271c1d83255c784e457d80b5548774a3d	http://paul.siramy.free.fr/_divers/ds1/doc/throne0_big.gif	live
siramy	_divers/ds1/doc/throne0_small.gif	10121	7bdf9e636bbc36cd3994b2fd977e109b52e4399c91daa0b98df6cfd12751fd23	http://paul.siramy.free.fr/_divers/ds1/doc/throne0_small.gif	live
siramy	_divers/ds1/doc/throne1_big.gif	134272	92fb52396b255d15d04f918574a65a8f6aeca0e18e807813df2409c35dd7a6ec	http://paul.siramy.free.fr/_divers/ds1/doc/throne1_big.gif	live
siramy	_divers/ds1/doc/throne1_small.gif	10216	67ef89f41ac58f36f36806788b913f87421c670b9ed1d7b1b88317646bba6ce9	http://paul.siramy.free.fr/_divers/ds1/doc/throne1_small.gif	live
siramy	_divers/ds1/doc/throne2_big.gif	138006	94dd53e10bf5706865d83e50625899b2cc8bb05dbdcb6db834dcbd6c1e14e315	http://paul.siramy.free.fr/_divers/ds1/doc/throne2_big.gif	live
siramy	_divers/ds1/doc/throne2_small.gif	10271	b143bf9f0dd214f0134e444d9219a8e587332fb59b9a26635c0380f8790b5f72	http://paul.siramy.free.fr/_divers/ds1/doc/throne2_small.gif	live
siramy	_divers/ds1/doc/throne3_big.gif	138113	6263ff2e4ddafa92a2338406a099650fc46a5bb3a3b0869d977d2db30c52feed	http://paul.siramy.free.fr/_divers/ds1/doc/throne3_big.gif	live
siramy	_divers/ds1/doc/throne3_small.gif	10313	4e49e1e63ca7a99831c4601089cb55bacdd274201ac7ba52361fa714034f7d82	http://paul.siramy.free.fr/_divers/ds1/doc/throne3_small.gif	live
siramy	_divers/ds1/doc/throne4_big.gif	135427	28ad4fff2177960d2e0e2b8867cf35c489b29fbce26e7aaa24193fe8a64242d6	http://paul.siramy.free.fr/_divers/ds1/doc/throne4_big.gif	live
siramy	_divers/ds1/doc/throne4_small.gif	10448	eec16b1d75b14e9e0f0ce986a2652578c7f54e2a08a30cca549dd256244acf6d	http://paul.siramy.free.fr/_divers/ds1/doc/throne4_small.gif	live
siramy	_divers/ds1/doc/throne5_big.gif	137830	123998e3fe815a27514984cece57c1d139f27175cdd985ed56cfa198960c2235	http://paul.siramy.free.fr/_divers/ds1/doc/throne5_big.gif	live
siramy	_divers/ds1/doc/throne5_small.gif	10245	ac71775fcf874498bea4813f997409bd48239e33a5fca3bfe3e3d8702b26d8c1	http://paul.siramy.free.fr/_divers/ds1/doc/throne5_small.gif	live
siramy	_divers/ds1/doc/throne6_big.gif	142267	78c186b95e5f037dab0075167eaaf3439220d9b1fb93ed072cdff0541b476e97	http://paul.siramy.free.fr/_divers/ds1/doc/throne6_big.gif	live
siramy	_divers/ds1/doc/throne6_small.gif	10891	87efb6be87ffdc384a129a5acbd6941193001e42581a519b9990ca7983576bb6	http://paul.siramy.free.fr/_divers/ds1/doc/throne6_small.gif	live
siramy	_divers/ds1/doc/throne7_big.gif	151416	ac0e9af2e7f64e40025bc6346bc5ee2cbc31492e8a7711eb669a6242daea6884	http://paul.siramy.free.fr/_divers/ds1/doc/throne7_big.gif	live
siramy	_divers/ds1/doc/throne7_small.gif	11397	03263f4b2677bd540bc2df15cb3a68f34753c79562246557899de40584a4664d	http://paul.siramy.free.fr/_divers/ds1/doc/throne7_small.gif	live
siramy	_divers/ds1/doc/throne8_big.gif	161360	4834aa7a08a82283f2d5124048b0e52fafe580b8ac04bd83489c274d3e81e525	http://paul.siramy.free.fr/_divers/ds1/doc/throne8_big.gif	live
siramy	_divers/ds1/doc/throne8_small.gif	11549	9de7ef20e187c49c55fd393653e3ac93cbea23fb6125296c389112e0a94d5afa	http://paul.siramy.free.fr/_divers/ds1/doc/throne8_small.gif	live
siramy	_divers/ds1/doc/throne9_big.gif	264384	a36c09fa33798003b8efca88969a32f5b81e54c19102690be7caa7712c1f06aa	http://paul.siramy.free.fr/_divers/ds1/doc/throne9_big.gif	live
siramy	_divers/ds1/doc/throne9_small.gif	17928	db6d31e64504eae96dc4b5c141255269192c8d5406a50e6e0889ccd339c00c1d	http://paul.siramy.free.fr/_divers/ds1/doc/throne9_small.gif	live
siramy	_divers/ds1/doc/tilegrid1_big.gif	199649	28cf0d58f9d050302330ccab338f0674f22501708b076b86b31a7747db698117	http://paul.siramy.free.fr/_divers/ds1/doc/tilegrid1_big.gif	live
siramy	_divers/ds1/doc/tilegrid1_small.gif	22492	6efe15d5cc7fa159cb6de8d635601e455e905da2b980719c8f2af2d6bd320035	http://paul.siramy.free.fr/_divers/ds1/doc/tilegrid1_small.gif	live
siramy	_divers/ds1/doc/tilegrid2_big.gif	204449	ee147927bafbef7a9223148f5dcd3fcf35e3200e03495e7bf47e47e891a15aa3	http://paul.siramy.free.fr/_divers/ds1/doc/tilegrid2_big.gif	live
siramy	_divers/ds1/doc/tilegrid2_small.gif	23637	78d6289c7ab852812e2fc73d321fe8a6bd4d33657c13803efd473280764edb4a	http://paul.siramy.free.fr/_divers/ds1/doc/tilegrid2_small.gif	live
siramy	_divers/ds1/doc/tilegrid3_big.gif	204913	538b6e54d0e121a5a4a9c7877d6b212b267a767d8ac8386ecc123f528da208e2	http://paul.siramy.free.fr/_divers/ds1/doc/tilegrid3_big.gif	live
siramy	_divers/ds1/doc/tilegrid3_small.gif	23873	f1f52b73f386cb8bd330defedcd8cd3a084cf4be76f4af3e4ec684eade43ea73	http://paul.siramy.free.fr/_divers/ds1/doc/tilegrid3_small.gif	live
siramy	_divers/ds1/doc/tut01/index.html	78355	5981681b94de2832c6a79ad804d12e4bb8cd09f7c5195753763f18c9ce182d5d	http://paul.siramy.free.fr/_divers/ds1/doc/tut01/index.html	live
siramy	_divers/ds1/doc/tut01/tut01_01.gif	51870	a72b2f93d1ddb52e5442b8ec01edb6e4108bfe752ba44769815f8d6b7a3c0224	http://paul.siramy.free.fr/_divers/ds1/doc/tut01/tut01_01.gif	live
siramy	_divers/ds1/doc/tut01/tut01_02.gif	50061	5bbc8af54d4537ff4be7c9a966171ff686a2046a4e86a716421c7c1077369d8c	http://paul.siramy.free.fr/_divers/ds1/doc/tut01/tut01_02.gif	live
siramy	_divers/ds1/doc/tut01/tut01_03.gif	52766	c0b901b6816a48cd8b1f758533c99a571a6046b9d11025cf683455b141c469b8	http://paul.siramy.free.fr/_divers/ds1/doc/tut01/tut01_03.gif	live
siramy	_divers/ds1/doc/tut01/tut01_04.gif	60314	1b50e339d5e17467397d39d10f323e23d0146747deda09a286baf579775169a9	http://paul.siramy.free.fr/_divers/ds1/doc/tut01/tut01_04.gif	live
siramy	_divers/ds1/doc/tut01/tut01_05.gif	68482	56fc080f2c41085675d9a4ebdb61b0556fc5ee82689219aadcb66fb9ad26a68b	http://paul.siramy.free.fr/_divers/ds1/doc/tut01/tut01_05.gif	live
siramy	_divers/ds1/doc/tut01/tut01_06.gif	36589	b5201a0229b6ecb3f3ef4c019b55ef3477d97f499d8c86c3d42dafbf0a3ae4c5	http://paul.siramy.free.fr/_divers/ds1/doc/tut01/tut01_06.gif	live
siramy	_divers/ds1/doc/tut01/tut01_07.gif	44062	d7a5ac3b17a30cc23a238e24eb4d27ae2f27079ad70fcf0b9ca7313980ad80cd	http://paul.siramy.free.fr/_divers/ds1/doc/tut01/tut01_07.gif	live
siramy	_divers/ds1/doc/tut01/tut01_08.gif	46199	3e21953a3e35bcab661d6659bcad593fb1ddd8afaa3980d7cb35205c901f43d7	http://paul.siramy.free.fr/_divers/ds1/doc/tut01/tut01_08.gif	live
siramy	_divers/ds1/doc/tut01/tut01_09.gif	48969	34e9339d4e0ed9d1e10a84da288740257e34ef19b4bd0a9ff173ad9f37055195	http://paul.siramy.free.fr/_divers/ds1/doc/tut01/tut01_09.gif	live
siramy	_divers/ds1/doc/tut01/tut01_10.gif	43513	244a64e127b4136a9ba77a20ba4aaa220c4aa9104b1ef182d5432955471dde69	http://paul.siramy.free.fr/_divers/ds1/doc/tut01/tut01_10.gif	live
siramy	_divers/ds1/doc/tut01/tut01_11.gif	35429	89ea8c7e8ded2027fff75ab7c69230bb427b85a9ea3aff88a50a6b5b101b93ed	http://paul.siramy.free.fr/_divers/ds1/doc/tut01/tut01_11.gif	live
siramy	_divers/ds1/doc/tut01/tut01_12.gif	23777	e5dc12ea5f23c250c992c54e80631d1552b40870d4710cf4452e84687a39e000	http://paul.siramy.free.fr/_divers/ds1/doc/tut01/tut01_12.gif	live
siramy	_divers/ds1/doc/tut01/tut01_13.gif	23739	08b8548c256b5716ea8a1a0a3f88ebab5aed6ee3c746fc2f5e96441fde24623e	http://paul.siramy.free.fr/_divers/ds1/doc/tut01/tut01_13.gif	live
siramy	_divers/ds1/doc/tut01/tut01_14.gif	25288	492a945b3c9dd8a4232e90c929fbefcfa2575d37399cd93c07b9bdec8cf53bc5	http://paul.siramy.free.fr/_divers/ds1/doc/tut01/tut01_14.gif	live
siramy	_divers/ds1/doc/tut01/tut01_15.gif	22924	72ee499c9331f055bd06f874489cefb3b159ea34b6db0bc563ad91b19699c447	http://paul.siramy.free.fr/_divers/ds1/doc/tut01/tut01_15.gif	live
siramy	_divers/ds1/doc/tut01/tut01_16.gif	24203	9f73a939504d0dee00e8f12f2dceafe0e44c521de77a97fd88ee726cb8a5b3d7	http://paul.siramy.free.fr/_divers/ds1/doc/tut01/tut01_16.gif	live
siramy	_divers/ds1/doc/tut01/tut01_17.gif	24306	d3fcd937afef101e40e7593fe136cc7a1215b18d54480e756a42f437294279cc	http://paul.siramy.free.fr/_divers/ds1/doc/tut01/tut01_17.gif	live
siramy	_divers/ds1/doc/tut01/tut01_18.gif	25191	0271a6ffada8b6150b347bde3c12a2ea26916acb3e60560be160a02f3cb9d93d	http://paul.siramy.free.fr/_divers/ds1/doc/tut01/tut01_18.gif	live
siramy	_divers/ds1/doc/tut01/tut01_19.gif	98678	eb83e874448e89d4cff18053ba0519dcac586d2858adba27e2fad2812e534286	http://paul.siramy.free.fr/_divers/ds1/doc/tut01/tut01_19.gif	live
siramy	_divers/ds1/doc/tut01/tut01_20.gif	122341	485ca7e34d2e3b4798f410bee8ddfd9d71fa9c2818a369eb5fd472cb503a718e	http://paul.siramy.free.fr/_divers/ds1/doc/tut01/tut01_20.gif	live
siramy	_divers/ds1/doc/tut01/tut01_21.gif	31353	f926c231d256254f9933fe069e74353bd290e4972a5c7da73935e904619f19a2	http://paul.siramy.free.fr/_divers/ds1/doc/tut01/tut01_21.gif	live
siramy	_divers/ds1/doc/tut01/tut01_22.gif	52883	82f69e014e7651e020f0238867a5404586167b58979ffa6e891a2a180032f1a2	http://paul.siramy.free.fr/_divers/ds1/doc/tut01/tut01_22.gif	live
siramy	_divers/ds1/doc/tut01/tut01_23.gif	54316	61e3e677c25a7b07cf3e33f26a76f0e6f4d252a38875aa600350e0b2e2891484	http://paul.siramy.free.fr/_divers/ds1/doc/tut01/tut01_23.gif	live
siramy	_divers/ds1/doc/tut01/tut01_24.gif	36576	fedac2921fdff50ce56ebcc9ba7962244bdefe73b68d5ad46c1312579fad0cb6	http://paul.siramy.free.fr/_divers/ds1/doc/tut01/tut01_24.gif	live
siramy	_divers/ds1/doc/tut01/tut01_25.gif	62283	54d37b459524d7b530f5a5fb8c67bacbb1108af752ce77687e3f88478c3861e0	http://paul.siramy.free.fr/_divers/ds1/doc/tut01/tut01_25.gif	live
siramy	_divers/ds1/doc/tut01/tut01_26.gif	78559	a932e74e4d5d739d5c74da70358aca5e9c1af62dc63eefff6d18689740d7447d	http://paul.siramy.free.fr/_divers/ds1/doc/tut01/tut01_26.gif	live
siramy	_divers/ds1/doc/unktil0_big.gif	277377	b2b38262f91f852c1b948a40041622ae0c7324bea41da67aa2e62b7e81beac9f	http://paul.siramy.free.fr/_divers/ds1/doc/unktil0_big.gif	live
siramy	_divers/ds1/doc/unktil0_small.gif	24672	9663302f663932c32728f0481b460bdfb219f857f9c0166deae2543cba6631a7	http://paul.siramy.free.fr/_divers/ds1/doc/unktil0_small.gif	live
siramy	_divers/ds1/doc/unktil1_big.gif	83190	dd1de60fbfccda9caedb8bf99072065f385ac9a09d1bec4b3f25fa6a4de992ac	http://paul.siramy.free.fr/_divers/ds1/doc/unktil1_big.gif	live
siramy	_divers/ds1/doc/unktil1_small.gif	8202	f994a7f460c84161a4c4472d5eb9fe9007ab09b0315fcdea78b6f3d6cd0af25d	http://paul.siramy.free.fr/_divers/ds1/doc/unktil1_small.gif	live
siramy	_divers/ds1/doc/w1_green.gif	100	f9edad0a66539cbcecce06e323f0174c966aee0f006c4245283ead636d5fe499	http://paul.siramy.free.fr/_divers/ds1/doc/w1_green.gif	live
siramy	_divers/ds1/doc/w2_green.gif	99	c39c6aabc3ebddb6d1b3a080d80403045442f06af5327728fec1761fab46455e	http://paul.siramy.free.fr/_divers/ds1/doc/w2_green.gif	live
siramy	_divers/ds1/doc/w3_green.gif	99	f2d53d61f7332facc872343693cec30775ab21a5d4d9d8a55733dc26953bc1cb	http://paul.siramy.free.fr/_divers/ds1/doc/w3_green.gif	live
siramy	_divers/ds1/doc/w3_red.gif	99	67b401f87f04a134d8d069a0d19267beecebd2aafb9d8236e05cd142fbd7f804	http://paul.siramy.free.fr/_divers/ds1/doc/w3_red.gif	live
siramy	_divers/ds1/doc/w3off_big.gif	291844	9d3434ccd6c4bc647f86b64778140b0d27e47836bf31ea8cdc3375aa7966e3c8	http://paul.siramy.free.fr/_divers/ds1/doc/w3off_big.gif	live
siramy	_divers/ds1/doc/w3off_small.gif	22353	1c72da189f1fe36c7712fbe44fa81a77cd8590f7511b9c61f199e4f2bb5ff5fb	http://paul.siramy.free.fr/_divers/ds1/doc/w3off_small.gif	live
siramy	_divers/ds1/doc/w3on_big.gif	298945	7705dd67a5dac0604b8b40bbad9bdba65c4164b497e25d1f3cf6e7c0bc6001c6	http://paul.siramy.free.fr/_divers/ds1/doc/w3on_big.gif	live
siramy	_divers/ds1/doc/w3on_small.gif	22297	64b93ac0c90546048b018b362b55ef26bd8f6a9bda3a875e10df242d5c334c20	http://paul.siramy.free.fr/_divers/ds1/doc/w3on_small.gif	live
siramy	_divers/ds1/doc/w4_green.gif	100	6e1dca376c3fe1994cdcd5a8ab61fa6e44722a9ad42329b10ad9bfd806f91548	http://paul.siramy.free.fr/_divers/ds1/doc/w4_green.gif	live
siramy	_divers/ds1/doc/walkinfo0_big.gif	310044	ea069a490af3b5c616a0031fc724e9d568b6fa0060d59d28fcab0172694a584b	http://paul.siramy.free.fr/_divers/ds1/doc/walkinfo0_big.gif	live
siramy	_divers/ds1/doc/walkinfo0_small.gif	23354	d63bbec35f5c041bed8c23afddd115b857f7b0e21a68e964fce1ce0c44d214ff	http://paul.siramy.free.fr/_divers/ds1/doc/walkinfo0_small.gif	live
siramy	_divers/ds1/doc/walkinfo1_big.gif	299517	2bc9b7ea8a127f325adf70ad03771b877bfb0455412b81c4575efe0282ad076b	http://paul.siramy.free.fr/_divers/ds1/doc/walkinfo1_big.gif	live
siramy	_divers/ds1/doc/walkinfo1_small.gif	21435	4deaca94f35b1ac662846406d103bd622cdc8769a25ce60809489b34229c388d	http://paul.siramy.free.fr/_divers/ds1/doc/walkinfo1_small.gif	live
siramy	_divers/ds1/doc/walkinfo2a_big.gif	264827	adcaf39529f12cbb4515492489029efc911c39f574adafeec634f667800446df	http://paul.siramy.free.fr/_divers/ds1/doc/walkinfo2a_big.gif	live
siramy	_divers/ds1/doc/walkinfo2a_small.gif	18581	c906c498e495e46a4bb0641073450b4c5598cd87362f7d13c65fe4a3617d043a	http://paul.siramy.free.fr/_divers/ds1/doc/walkinfo2a_small.gif	live
siramy	_divers/ds1/doc/walkinfo2b_big.gif	288734	de456e512af6342a883a44de760b98f9c67f2350ce9c3f0d0816a63fce356b25	http://paul.siramy.free.fr/_divers/ds1/doc/walkinfo2b_big.gif	live
siramy	_divers/ds1/doc/walkinfo2b_small.gif	21185	9d3b6566db64816d2e0147d3b79604dc92cabcd46af9ca91bb2541429e3bfc59	http://paul.siramy.free.fr/_divers/ds1/doc/walkinfo2b_small.gif	live
siramy	_divers/ds1/obj.txt	16795	86ecce0f27566745694c27ec1d56a3b54495206771a405a39d2dc0cccbb5384e	http://paul.siramy.free.fr/_divers/ds1/obj.txt	wayback:20021028130848
siramy	_divers/ds1/scr1.gif	331517	051174efff4c788c3d9b9af7dbed56b7d78d3b4b056c4e4f084860f0670bf084	http://paul.siramy.free.fr/_divers/ds1/scr1.gif	live
siramy	_divers/ds1/scr2.gif	52820	013b875a106d080c5c0e1490b5324fd5c1ab8ecf8e82f563e6f67a41c1079637	http://paul.siramy.free.fr/_divers/ds1/scr2.gif	live
siramy	_divers/ds1/scr3.gif	51561	a5276ccdf3062e1180c2fea665fbc9248315142828b4bad89964f5a03941d8e0	http://paul.siramy.free.fr/_divers/ds1/scr3.gif	live
siramy	_divers/ds1/scr4.gif	4912	f1cce424ca5b20e04ce8662e6b654eebeaab62ccf14c7d53dd3a00f0ab363d11	http://paul.siramy.free.fr/_divers/ds1/scr4.gif	live
siramy	_divers/ds1/scr5.gif	280998	15f4497a222906229c310e558fd5eb7c81ac87ace794b3ccffb49e019a511670	http://paul.siramy.free.fr/_divers/ds1/scr5.gif	live
siramy	_divers/ds1/scr6.gif	77861	f592a03eb4e038e770178e15aae94e112f4ee4464c8d42a942ff631f39888fb7	http://paul.siramy.free.fr/_divers/ds1/scr6.gif	live
siramy	_divers/ds1/screenshots/big_00.gif	281998	fdff84a22dd438f45ed91152829c18c78e5c5dc2d981f2841b5dfc3227879090	http://paul.siramy.free.fr/_divers/ds1/screenshots/big_00.gif	live
siramy	_divers/ds1/screenshots/big_01.gif	260279	c6fea98038ef3cadf1e77614279ba50796417afddebab674140f2c4abb5f4fb3	http://paul.siramy.free.fr/_divers/ds1/screenshots/big_01.gif	live
siramy	_divers/ds1/screenshots/big_02.gif	126670	7c316e1cf85378e70e459ed90caf720242040c5df7b815ee4db24e43007a0ddf	http://paul.siramy.free.fr/_divers/ds1/screenshots/big_02.gif	live
siramy	_divers/ds1/screenshots/big_03.gif	224157	1bfeb9c2c54d8c8ca5d217aa2d5520474249dc2821c2ac056a7a743d87e19180	http://paul.siramy.free.fr/_divers/ds1/screenshots/big_03.gif	live
siramy	_divers/ds1/screenshots/big_04.gif	294460	d13e0247c45cb59850a0481734560ed8cb95babe3b5e26caee223bdc6b8d9b90	http://paul.siramy.free.fr/_divers/ds1/screenshots/big_04.gif	live
siramy	_divers/ds1/screenshots/big_05.gif	176614	a6e5a9861b8b6eae5a3af81cf7535cb46495f38c3053418f2378552a796c6884	http://paul.siramy.free.fr/_divers/ds1/screenshots/big_05.gif	live
siramy	_divers/ds1/screenshots/big_06.gif	272436	bd11ccd06a8bf6a08ae31f68430796b7bd7d33718943bdde739875c2c8ee28fd	http://paul.siramy.free.fr/_divers/ds1/screenshots/big_06.gif	live
siramy	_divers/ds1/screenshots/big_07.gif	240707	4bb7b3d827ec39a215a15b061e70f32ec82e752875a0571e670554a4cdde0ea5	http://paul.siramy.free.fr/_divers/ds1/screenshots/big_07.gif	live
siramy	_divers/ds1/screenshots/prev_00.gif	13549	5499dcd9dd66a56371d47de426788214f4ecc6c52b9be24664bef2dacd741f9f	http://paul.siramy.free.fr/_divers/ds1/screenshots/prev_00.gif	live
siramy	_divers/ds1/screenshots/prev_01.gif	14778	bceec1359697a85fc779effe3eb08d823081ae8d3837b3a05c2bd1b023cd62e4	http://paul.siramy.free.fr/_divers/ds1/screenshots/prev_01.gif	live
siramy	_divers/ds1/screenshots/prev_02.gif	9792	1ffe6becea82e4f82b8e16b57a4131a9f3720dff3ee6f973dfd3954ebfd52d1f	http://paul.siramy.free.fr/_divers/ds1/screenshots/prev_02.gif	live
siramy	_divers/ds1/screenshots/prev_03.gif	13340	f4cba6cf090769ee15f9a6583447b19e3b474a770abe1c9f0e15648414fc6e9d	http://paul.siramy.free.fr/_divers/ds1/screenshots/prev_03.gif	live
siramy	_divers/ds1/screenshots/prev_04.gif	15607	5644bac782c26a7825d149e3d4ccaf8e6c0221e012393cc40af7d39fa3f21205	http://paul.siramy.free.fr/_divers/ds1/screenshots/prev_04.gif	live
siramy	_divers/ds1/screenshots/prev_05.gif	9786	1d488ed0350bcb525b644ba3541df91c9331d208010427c10ce4bd10a8c31588	http://paul.siramy.free.fr/_divers/ds1/screenshots/prev_05.gif	live
siramy	_divers/ds1/screenshots/prev_06.gif	12810	8ce6c4a7a621a0f2cad51018a8c32fe315867eb76de100c165e830963fb682c3	http://paul.siramy.free.fr/_divers/ds1/screenshots/prev_06.gif	live
siramy	_divers/ds1/screenshots/prev_07.gif	10834	665f05baf987c93d037b37c6a038ab46a198b2096539d646a8d46e98dbd3a593	http://paul.siramy.free.fr/_divers/ds1/screenshots/prev_07.gif	live
siramy	_divers/ds1/shadowtest_1.gif	18642	6eb2b7d737779bec4039f3f23143c003380f4251109b663da40cc1049275dfd6	http://paul.siramy.free.fr/_divers/ds1/shadowtest_1.gif	live
siramy	_divers/ds1/shadowtest_2.gif	272436	bd11ccd06a8bf6a08ae31f68430796b7bd7d33718943bdde739875c2c8ee28fd	http://paul.siramy.free.fr/_divers/ds1/shadowtest_2.gif	live
siramy	_divers/ds1/shem01.gif	31690	7770a3b8bd6a2dd8b1037a0ccedb09ca89b157bf49f9ecde57a8328edd7b98e7	http://paul.siramy.free.fr/_divers/ds1/shem01.gif	live
siramy	_divers/ds1/shem02.gif	44798	706ad34356c8694cfc47a299315e072bc655396083dc1ced4d9bcfa1121ea492	http://paul.siramy.free.fr/_divers/ds1/shem02.gif	live
siramy	_divers/ds1/shem03.gif	245308	190501c32ce7aec5b4ebcca7658f488516826ee73322354cd572825907a11113	http://paul.siramy.free.fr/_divers/ds1/shem03.gif	live
siramy	_divers/ds1/shem04.gif	217729	d63fb7728c4a4aeeeee2c6a45ce3f68085cc6998c1c0e1ff4b099ebed496ed25	http://paul.siramy.free.fr/_divers/ds1/shem04.gif	live
siramy	_divers/ds1/shem05.gif	35872	71a5f1c4e98cf637bec80d39a46bbc6ec1a4e1d0d36810ac1cea839142454138	http://paul.siramy.free.fr/_divers/ds1/shem05.gif	live
siramy	_divers/ds1/shem06.gif	193989	e1b8899bb75d10cf3719e53f571156df3bcbe8bda592227bcec11e8fe02bf65c	http://paul.siramy.free.fr/_divers/ds1/shem06.gif	live
siramy	_divers/ds1/shem07.gif	198122	3081deafeed2fd873cbaf9782dc713b69694854ee9b80c3043381418fb104979	http://paul.siramy.free.fr/_divers/ds1/shem07.gif	live
siramy	_divers/ds1/shem08.gif	69539	2f46adf1d8aa93d7b4cd5339197628cddb307c0ffec994831ebe5224f2b18527	http://paul.siramy.free.fr/_divers/ds1/shem08.gif	live
siramy	_divers/ds1/shem09.gif	89472	7a4d07073efb929aab91e106ad7537b993b7ef4d96ea7d48b806d766e628fa5d	http://paul.siramy.free.fr/_divers/ds1/shem09.gif	live
siramy	_divers/ds1/shem10.gif	139861	628fe7fef73798a95c94a905285ae1d4f3ac148e5adb1d8aeac33821dac1792e	http://paul.siramy.free.fr/_divers/ds1/shem10.gif	live
siramy	_divers/ds1/shem11.gif	216235	aa0f24adaf7d94cfeac29bfa38ff8e72449b43876f2d1b0bfbe34b7d11bd379c	http://paul.siramy.free.fr/_divers/ds1/shem11.gif	live
siramy	_divers/ds1/shem12.gif	58091	9be44909a5d02d6bc4491ab88d995d213390379b0a3bb755715c05533689a501	http://paul.siramy.free.fr/_divers/ds1/shem12.gif	live
siramy	_divers/ds1/shem13.gif	76754	d5843ec45e2538e42a586fc07d4486c46793eafe0b5f0c3986952838a8e18184	http://paul.siramy.free.fr/_divers/ds1/shem13.gif	live
siramy	_divers/ds1/shem14.gif	49956	3ebf0e22a1b67059708d875f4e8f28f8f591413385633e84c8b57793760b463e	http://paul.siramy.free.fr/_divers/ds1/shem14.gif	live
siramy	_divers/ds1/shem15.gif	129912	84ecc12b528588023cac40e5a9f4cd3e7b91c9264aedcc270a05174fc4f96441	http://paul.siramy.free.fr/_divers/ds1/shem15.gif	live
siramy	_divers/ds1/shem16.gif	12832	6836afba62a2e38ebae212f0698820bf2a33dc862e9bb56b080d6cdbc102bc7e	http://paul.siramy.free.fr/_divers/ds1/shem16.gif	live
siramy	_divers/ds1/shem17.gif	167515	b23e747f8a67bf1a1ab1bae168e5817ccab198490b82d9f794d85ed5464873a2	http://paul.siramy.free.fr/_divers/ds1/shem17.gif	live
siramy	_divers/ds1/shem18.gif	147480	9f8ce8d35e1b483fbee57494f69fbb36c034b57111fdc8652122c65a60edb194	http://paul.siramy.free.fr/_divers/ds1/shem18.gif	live
siramy	_divers/ds1/shem19.gif	105595	5058ba3aa07ff0ec92c7362766510c3d4b367609c2b3665ebcc2b080afff86ca	http://paul.siramy.free.fr/_divers/ds1/shem19.gif	live
siramy	_divers/ds1/shem20.gif	173829	fe391aa036d1d18ee09382e85e743708e755a9d523ed7ca4c0c3ed5dd92cd044	http://paul.siramy.free.fr/_divers/ds1/shem20.gif	live
siramy	_divers/ds1/shem21.gif	80516	7a3bd777571b48f8d4943499cb670be491daa97d560278ef5e9b73e8eec23b06	http://paul.siramy.free.fr/_divers/ds1/shem21.gif	live
siramy	_divers/ds1/shem22.gif	236942	885a5247c58c49a23303b5f36616d5f26218ceff290115b3967ad0aaeadb7806	http://paul.siramy.free.fr/_divers/ds1/shem22.gif	live
siramy	_divers/ds1/shem23.gif	179661	02dbe9c5e17a6620f8f2ce69c4ce876174f60c7dfb623d2d9ed166c7468b432c	http://paul.siramy.free.fr/_divers/ds1/shem23.gif	live
siramy	_divers/ds1/summE_6_symbols.png	236258	8d194ea6e247bceb3bfea71fa9627d422d42280fec810c3f201c1e047eefaec6	http://paul.siramy.free.fr/_divers/ds1/summE_6_symbols.png	live
siramy	_divers/ds1/treehead1.png	43803	d8e068efb1f9870176961c1cd163a56ec02a6ac05267283938510a413dab3f63	http://paul.siramy.free.fr/_divers/ds1/treehead1.png	live
siramy	_divers/ds1/treehead2.png	44818	d6a9cb331c048090e85699665239745866d40bc3689bbe4e0caac4351413e226	http://paul.siramy.free.fr/_divers/ds1/treehead2.png	live
siramy	_divers/ds1/worldspace.gif	57974	2c4c742aacba2b3dbb7ff581b64e5f155342bf6851cc53e855d0a99c799cec48	http://paul.siramy.free.fr/_divers/ds1/worldspace.gif	live
siramy	_divers/ds1/worldspace_preview.gif	10729	d3509ebabc10376893c40c3b53ebe82e5098c3eae7f6250ebae8c96a6a8a324d	http://paul.siramy.free.fr/_divers/ds1/worldspace_preview.gif	live
siramy	_divers/ds1/worldspace_tristram.gif	9028	74e49448f4df44a693724e3739eb5e6d786726b9f44266bd826fb137e9271a0e	http://paul.siramy.free.fr/_divers/ds1/worldspace_tristram.gif	live
siramy	_divers/dt1/dt1debug.c	27591	cf5dc66e332faccb1eda68e20fa4c1bda2c51cca23c90545c991da5529ad925f	http://paul.siramy.free.fr/_divers/dt1/dt1debug.c	live
siramy	_divers/dt1/dt1debug_v100/dt1debug_v100_GUI.png	12683	810bb35cdabb4660e213e4ff73a0e5bdeaec8790e81fc9cd6ec81ae756b8556a	http://paul.siramy.free.fr/_divers/dt1/dt1debug_v100/dt1debug_v100_GUI.png	live
siramy	_divers/dt1/dt1debug_v100/dt1debug_v100_errors.png	8632	b706c0c33200bd800101b568d1fb1e8cf5965ce82bbb2ad78079fb0f71559fc3	http://paul.siramy.free.fr/_divers/dt1/dt1debug_v100/dt1debug_v100_errors.png	live
siramy	_divers/dt1/dt1debug_v100/dt1debug_v100_windowed.png	203194	203ce8f054cc4499aef99d825b425e9b973f4618693a59b89e2172814fd8117e	http://paul.siramy.free.fr/_divers/dt1/dt1debug_v100/dt1debug_v100_windowed.png	live
siramy	_divers/dt1/dt1extr.c	19452	8728ff92fcc783c12977ac518bec93b34dffbbf9f952bffd8d0e15d8c1ae2fb2	http://paul.siramy.free.fr/_divers/dt1/dt1extr.c	live
siramy	_divers/dt1/dt1info.c	6728	15c48c884ac7f413657bd6c238be9298a6ac2a326bc34ebaf9825ae50dc239ab	http://paul.siramy.free.fr/_divers/dt1/dt1info.c	live
siramy	_divers/dt1/dt1make.c	26487	692be383ce96ab59201817c93463dac50e9e492653f128cf188013809d30c0d7	http://paul.siramy.free.fr/_divers/dt1/dt1make.c	live
siramy	_divers/dt1/shem01.gif	3232	caaabdb057d4639bf8b6a154281327b7c129e561388a6d159294d98d3a8fbfd1	http://paul.siramy.free.fr/_divers/dt1/shem01.gif	live
siramy	_divers/dt1/shem02.gif	11946	cdd82ea114586d1073710f695c4ef554671b7921598718d578a1c1b725b2474f	http://paul.siramy.free.fr/_divers/dt1/shem02.gif	live
siramy	_divers/dt1/shem03.gif	57742	0af8f057b9060ea4624e54b03dd103fdaa257c3a20230800deb5af76ad152398	http://paul.siramy.free.fr/_divers/dt1/shem03.gif	live
siramy	_divers/dt1/shem04.gif	180663	e99d295abb94edff65e064752326dcd93d35bcc5527d2911cdfb231ffe67d469	http://paul.siramy.free.fr/_divers/dt1/shem04.gif	live
siramy	_divers/dt1/shem05.gif	34153	52b9296fa61a2bf7362265790c0a62ebb4cd8a12e6d5ee96546b12541143d7c2	http://paul.siramy.free.fr/_divers/dt1/shem05.gif	live
siramy	_divers/dt1/shem06.gif	39024	dbb3daf91d66d7c639e3ec9848a389e4c2150b192d5b92890ea0b4b1d16bfe01	http://paul.siramy.free.fr/_divers/dt1/shem06.gif	live
siramy	_divers/dt1/shem07.gif	28234	6524e24437ec48de4eb2adb3058e53b3bc631b8cd1846555facf4a6588b89627	http://paul.siramy.free.fr/_divers/dt1/shem07.gif	live
siramy	_divers/dt1/shem08.gif	66672	0798c6ab42038b9af8541f7c04dfacb3eb757d425ddec20496c15232a455030d	http://paul.siramy.free.fr/_divers/dt1/shem08.gif	live
siramy	_divers/dt1/shem09.gif	107253	3cf3eb9028f56c00f097c9caff80572346d4bee89891134ef35ecb131b108ee7	http://paul.siramy.free.fr/_divers/dt1/shem09.gif	live
siramy	_divers/dt1/shem10.gif	113837	c0aa7f77502583b61c9e0b8fe645e3f556279c611f7d3337e5b3c5e2f233177c	http://paul.siramy.free.fr/_divers/dt1/shem10.gif	live
siramy	_divers/dt1/shem11.gif	63532	e5465dec726d821da60ffbe0a38c3096047fb7e3689037fb64cb69608f29d0d7	http://paul.siramy.free.fr/_divers/dt1/shem11.gif	live
siramy	_divers/dt1/test_perspective.gif	312056	d297bfeab0a3db3e19de7ab9254d243742aba5a41109b9010549d5f0bbbf81a4	http://paul.siramy.free.fr/_divers/dt1/test_perspective.gif	live
siramy	_divers/dt1/upstr_dt1debug.gif	23023	3a90f7dbbf2a8fa10da16474d8431823b4bb5872caead748947ae23e49aa9e1b	http://paul.siramy.free.fr/_divers/dt1/upstr_dt1debug.gif	live
siramy	_divers/dt1/upstr_winds1edit.gif	34605	38efbe911579f57868c0417ce7494065a22158f051177994a2ee46fdacffbf7c	http://paul.siramy.free.fr/_divers/dt1/upstr_winds1edit.gif	live
siramy	_divers/dt1_doc/dt1doc_data/box_big.gif	3738	b1f6cddf29378c90c8287153365e2deb19c7441bfc8009448cf739eadf74bc0f	http://paul.siramy.free.fr/_divers/dt1_doc/dt1doc_data/box_big.gif	live
siramy	_divers/dt1_doc/dt1doc_data/box_small.gif	3649	1c0e4276715849e61def9226dabb49ab4138dd60c6e3261da3ee313b873913f2	http://paul.siramy.free.fr/_divers/dt1_doc/dt1doc_data/box_small.gif	live
siramy	_divers/dt1_doc/dt1doc_data/fence.gif	8010	2498437692da2a8bd1fca3673c57c25d470a3f0bc0413c6e44430af37cbaee46	http://paul.siramy.free.fr/_divers/dt1_doc/dt1doc_data/fence.gif	live
siramy	_divers/dt1_doc/dt1doc_data/fence_grid1.gif	8701	71e6eb73ef3297d0cbb9d0f3ab140f519579a832de2877ea0656643c84060862	http://paul.siramy.free.fr/_divers/dt1_doc/dt1doc_data/fence_grid1.gif	live
siramy	_divers/dt1_doc/dt1doc_data/fence_grid2.gif	9084	200b46a175baca73632db6077b7608d10651c266aaf87d6cb03c9432674e1481	http://paul.siramy.free.fr/_divers/dt1_doc/dt1doc_data/fence_grid2.gif	live
siramy	_divers/dt1_doc/dt1doc_data/floor.gif	5277	2e1c9b6b7c8934eec8e63c2c4e5c8e239cd69fdadee093e26012ed69a0b54dfe	http://paul.siramy.free.fr/_divers/dt1_doc/dt1doc_data/floor.gif	live
siramy	_divers/dt1_doc/dt1doc_data/floor_animated.gif	39024	dbb3daf91d66d7c639e3ec9848a389e4c2150b192d5b92890ea0b4b1d16bfe01	http://paul.siramy.free.fr/_divers/dt1_doc/dt1doc_data/floor_animated.gif	live
siramy	_divers/dt1_doc/dt1doc_data/floor_flags.gif	3234	956e62589fd1cca7c187ecd2077d8ea06c1bccb954d63e281f61e27960aa7c70	http://paul.siramy.free.fr/_divers/dt1_doc/dt1doc_data/floor_flags.gif	live
siramy	_divers/dt1_doc/dt1doc_data/floor_grid.gif	5377	2af2fe182f4038bc569544f110e8e88161abb5e36c6d79b429374eaef814f942	http://paul.siramy.free.fr/_divers/dt1_doc/dt1doc_data/floor_grid.gif	live
siramy	_divers/dt1_doc/dt1doc_data/or_1.gif	316	875dbfea07b04de5a14a6238b7534a3bcb9183d39e29f1045ac784ff74290b41	http://paul.siramy.free.fr/_divers/dt1_doc/dt1doc_data/or_1.gif	live
siramy	_divers/dt1_doc/dt1doc_data/or_1_to_9.gif	2319	9252f536b0b7e35de60dfba24cffc005dd84eb886a1d96c5a9ac3a54b075b23d	http://paul.siramy.free.fr/_divers/dt1_doc/dt1doc_data/or_1_to_9.gif	live
siramy	_divers/dt1_doc/dt1doc_data/or_2.gif	1089	01b30715c479741047cd9e042e0c65e07ae1bf6c6c3f5535ffdb71353a438774	http://paul.siramy.free.fr/_divers/dt1_doc/dt1doc_data/or_2.gif	live
siramy	_divers/dt1_doc/dt1doc_data/or_3.gif	330	fb6db43348dc02052ea2e5f9f5633840cfee873483199cbb1c7bf5e1e8d21f5e	http://paul.siramy.free.fr/_divers/dt1_doc/dt1doc_data/or_3.gif	live
siramy	_divers/dt1_doc/dt1doc_data/or_4.gif	326	af6c64e12bef1add56de8e05bb9de440e1a2589ca05817c57b9d6bf1944734d5	http://paul.siramy.free.fr/_divers/dt1_doc/dt1doc_data/or_4.gif	live
siramy	_divers/dt1_doc/dt1doc_data/or_5.gif	332	595f048ab257b46efa146421059c99ebc36c4f1cb462cfc95492bb1a9be6fdb6	http://paul.siramy.free.fr/_divers/dt1_doc/dt1doc_data/or_5.gif	live
siramy	_divers/dt1_doc/dt1doc_data/or_6.gif	332	af1e4af6d3e405194956d58a1187f047af5d2d0d48aebd2fb917142a5d869651	http://paul.siramy.free.fr/_divers/dt1_doc/dt1doc_data/or_6.gif	live
siramy	_divers/dt1_doc/dt1doc_data/or_7.gif	306	6078808af8d870ee313df083902b25a42c1c0268e191083533b30a5b09f06299	http://paul.siramy.free.fr/_divers/dt1_doc/dt1doc_data/or_7.gif	live
siramy	_divers/dt1_doc/dt1doc_data/or_8.gif	333	08e44b7ff41f43b7b914ef24d0db5fc136b46597069f46c051f3f63cc50e9624	http://paul.siramy.free.fr/_divers/dt1_doc/dt1doc_data/or_8.gif	live
siramy	_divers/dt1_doc/dt1doc_data/or_9.gif	330	b14cc3549d3f467e2bea1921c7cac0e2ee0f87b7796321c73ccfb15507554c37	http://paul.siramy.free.fr/_divers/dt1_doc/dt1doc_data/or_9.gif	live
siramy	_divers/dt1_doc/dt1doc_data/random_tiles.gif	73050	c60273f3ebfe4a1f851764a81f5d5c2f608dc917686d9bae605e96119663a1b6	http://paul.siramy.free.fr/_divers/dt1_doc/dt1doc_data/random_tiles.gif	live
siramy	_divers/dt1_doc/dt1doc_data/right_arrow.gif	179	2639d7a51d12a8da7210cbfc2cfb854ae743884d6eaa74afea80f6e36116d854	http://paul.siramy.free.fr/_divers/dt1_doc/dt1doc_data/right_arrow.gif	live
siramy	_divers/dt1_doc/dt1doc_data/system1.gif	4266	31e042e16bf2d5ba5377a31a207fa3f8e1608b4ec99f87c939b00421755ab330	http://paul.siramy.free.fr/_divers/dt1_doc/dt1doc_data/system1.gif	live
siramy	_divers/dt1_doc/dt1doc_data/system2.gif	6197	9c73e043f685751e1a2b471e9e2f9dfb75caa97c41d0f98445f43ca2f78c4b58	http://paul.siramy.free.fr/_divers/dt1_doc/dt1doc_data/system2.gif	live
siramy	_divers/dt1_doc/dt1doc_data/system3.gif	5697	abc0b4f64df99388b00f9c701441b726477152878efac9aaffb35dc96804d8fd	http://paul.siramy.free.fr/_divers/dt1_doc/dt1doc_data/system3.gif	live
siramy	_divers2/tmptutcmap/142diffcolors.png	20945	7d2a0a59a1e8a5c1589b1cd25f423b753d8272869970ae6fbc2f62f50d5dbddd	http://paul.siramy.free.fr/_divers2/tmptutcmap/142diffcolors.png	live
siramy	_divers2/tmptutcmap/256diffcolors.png	19873	6240894e479e4bcb2f5916d0bbdc13297b189f56cef3a2c1cce3dec13db58247	http://paul.siramy.free.fr/_divers2/tmptutcmap/256diffcolors.png	live
siramy	_divers2/tmptutcmap/Izual.pcx	1295	3be88fb84b10f6d371c016ddc4917b8eac53e47aabe7073d31f86c02a7ff42b3	http://paul.siramy.free.fr/_divers2/tmptutcmap/Izual.pcx	live
siramy	_divers2/tmptutcmap/Izual_afterx2.png	4789	a2a83b58b43769b3f705c6f8228dd4b0cfbf597e84b090c85d28754aa3ca4db9	http://paul.siramy.free.fr/_divers2/tmptutcmap/Izual_afterx2.png	live
siramy	_divers2/tmptutcmap/Izual_beforex2.png	5279	2acd6d9684a220149bd804a3f2a20108bd92029226967c724102459dd972c572	http://paul.siramy.free.fr/_divers2/tmptutcmap/Izual_beforex2.png	live
siramy	_divers2/tmptutcmap/Izualingame.png	97721	7d058926b030e78f9ebd83b21dead94cabd1e647d261a8c9baf9397411135363	http://paul.siramy.free.fr/_divers2/tmptutcmap/Izualingame.png	live
siramy	_divers2/tmptutcmap/adjusths.png	111613	05b07647a46c4d1e4daae36b332593d01808265f6ed792d1b46f8652aa701d26	http://paul.siramy.free.fr/_divers2/tmptutcmap/adjusths.png	live
siramy	_divers2/tmptutcmap/almostdone.png	58640	f2d5aac31560a450e65611a175232eefeb7200dbb40fc829b0127a3523aabd43	http://paul.siramy.free.fr/_divers2/tmptutcmap/almostdone.png	live
siramy	_divers2/tmptutcmap/bluesettings.png	66601	54bef0f71874763a7503fa1b2e60c6d2f90ff6b167e19879d0e72433e35e39c6	http://paul.siramy.free.fr/_divers2/tmptutcmap/bluesettings.png	live
siramy	_divers2/tmptutcmap/compare1.png	6276	49876eab2a8587e39c326a38f8950c2ce87dc9276e8782857753be56c3eeceb0	http://paul.siramy.free.fr/_divers2/tmptutcmap/compare1.png	live
siramy	_divers2/tmptutcmap/compare2.png	5747	a9d26a5776bf82cf7366c5d3eacf92dc8f4dce206b8104484ac035c571142e27	http://paul.siramy.free.fr/_divers2/tmptutcmap/compare2.png	live
siramy	_divers2/tmptutcmap/dir=0.png	1044	8e27fc53656c846247f000477c09699e2154bd1a428218ebcfe40596f9425d4e	http://paul.siramy.free.fr/_divers2/tmptutcmap/dir=0.png	live
siramy	_divers2/tmptutcmap/directmethod.png	38612	a85376847b18999872d1b5e50c581a5e0c6bad1fafd10a1ac26c522d5c9bb66a	http://paul.siramy.free.fr/_divers2/tmptutcmap/directmethod.png	live
siramy	_divers2/tmptutcmap/done.png	53693	8f8171d70ef9bca29b368452b1e2bc76085a658883b37f791fcbef671df220d9	http://paul.siramy.free.fr/_divers2/tmptutcmap/done.png	live
siramy	_divers2/tmptutcmap/drtest.png	47937	454b11ed60fcaf2a4c145d115e4033bea5fd2aee9d25dba6aef6e346add35cb6	http://paul.siramy.free.fr/_divers2/tmptutcmap/drtest.png	live
siramy	_divers2/tmptutcmap/frame=0.png	1059	7e7569597c600d38354df3136db27b2fa5d41da201c76eec14ee5f5ac72bb069	http://paul.siramy.free.fr/_divers2/tmptutcmap/frame=0.png	live
siramy	_divers2/tmptutcmap/images/bikbefcmap.gif	10770	829c10a655efa6c53bb9fb7b1031e586e6135f5c346ac0f6b3b6853b675069cb	http://paul.siramy.free.fr/_divers2/tmptutcmap/images/bikbefcmap.gif	live
siramy	_divers2/tmptutcmap/images/bikeaftcmap.gif	10512	b8a86bebad6f66ad47a0db0d10c8c6e791aeac91fa3b92df9ec7a4a9e648f415	http://paul.siramy.free.fr/_divers2/tmptutcmap/images/bikeaftcmap.gif	live
siramy	_divers2/tmptutcmap/images/biker1headpalette.gif	8384	ba5790039f7086e8aae2ddb9619bdf45ef05d2c9d502d7e5d33e654919ee988a	http://paul.siramy.free.fr/_divers2/tmptutcmap/images/biker1headpalette.gif	live
siramy	_divers2/tmptutcmap/images/biker1headpixels.gif	8927	ac4fe1c989da32da02b76b4bc9155717b174d7392bac76eeb83431f8080ba9d9	http://paul.siramy.free.fr/_divers2/tmptutcmap/images/biker1headpixels.gif	live
siramy	_divers2/tmptutcmap/images/biker1headtiles.gif	16663	c009a881c55b652c29797bc24904e89d30b1b2e45bbebca079dad4a2fa6b8a7c	http://paul.siramy.free.fr/_divers2/tmptutcmap/images/biker1headtiles.gif	live
siramy	_divers2/tmptutcmap/images/biker1headx9.png	1297	e846d91a5a87814863024cd07c443757b49a8201331f71a21923988afdefc59c	http://paul.siramy.free.fr/_divers2/tmptutcmap/images/biker1headx9.png	live
siramy	_divers2/tmptutcmap/images/biker1x2.png	1957	31eb8eaf4ab427e5a7114852900945e28d3ecea27821cd10b4d9afd1f88042d9	http://paul.siramy.free.fr/_divers2/tmptutcmap/images/biker1x2.png	live
siramy	_divers2/tmptutcmap/images/biker2headtiles.gif	16450	7e0ffc3ddfab2c653b5fa389135370bba6cfba6d2fd3e96518cb4d0f5dd1535b	http://paul.siramy.free.fr/_divers2/tmptutcmap/images/biker2headtiles.gif	live
siramy	_divers2/tmptutcmap/images/biker2headx5.png	1185	8f725c23f09037339a7c7655587719da6906efb167c5c0ef7e7602d125f11c57	http://paul.siramy.free.fr/_divers2/tmptutcmap/images/biker2headx5.png	live
siramy	_divers2/tmptutcmap/images/biker2x2.png	1957	ec2837ed729244c6be77aa206d3be0160ec3014de64b5687bb3343e1abf470c6	http://paul.siramy.free.fr/_divers2/tmptutcmap/images/biker2x2.png	live
siramy	_divers2/tmptutcmap/images/biker3x2.png	1947	3f37e583247b7feea291d02f1b86d02ed0375bbd2b49c0f3cc8920fe0a012f69	http://paul.siramy.free.fr/_divers2/tmptutcmap/images/biker3x2.png	live
siramy	_divers2/tmptutcmap/images/biker4x2.png	1958	3ed76250bd8de8abf949bbfc58cccc8d6515b7a2546ccd9da21a1b94e0637c0b	http://paul.siramy.free.fr/_divers2/tmptutcmap/images/biker4x2.png	live
siramy	_divers2/tmptutcmap/images/pixcmappal.gif	17368	58b25317acd9316423a9ffc838de9b0dcebe85b87086e3e620c71a6829687825	http://paul.siramy.free.fr/_divers2/tmptutcmap/images/pixcmappal.gif	live
siramy	_divers2/tmptutcmap/images/pixpal.gif	4229	283bb7211c198810376fb84f8d4994e8300d8bba209517badf255072e6d875d0	http://paul.siramy.free.fr/_divers2/tmptutcmap/images/pixpal.gif	live
siramy	_divers2/tmptutcmap/loadpalette.png	115467	64db90e10edc4eabc4ea8542110d722fdbf68ff07140ebc21b29e4c27d75938a	http://paul.siramy.free.fr/_divers2/tmptutcmap/loadpalette.png	live
siramy	_divers2/tmptutcmap/loadpalettename.png	24487	106c20c6d364cd220571dbbec482a1269f2a36826eb806ba792b90f373f0b37a	http://paul.siramy.free.fr/_divers2/tmptutcmap/loadpalettename.png	live
siramy	_divers2/tmptutcmap/minusbutton.png	990	2d78e6b12d200bdf0fffef233e6ca51bc01219681dd9dbcb015c6eec52b9d03a	http://paul.siramy.free.fr/_divers2/tmptutcmap/minusbutton.png	live
siramy	_divers2/tmptutcmap/moddirectory.png	18321	0f555c0bd776194812b1513dd8da2177eb720221525b16f4245e36ea968de6e9	http://paul.siramy.free.fr/_divers2/tmptutcmap/moddirectory.png	live
siramy	_divers2/tmptutcmap/newbat.png	19578	4fa99e432a07104e47c737b2cf93f0338d5d03c1ac2ccc7ed8b862c1f2575067	http://paul.siramy.free.fr/_divers2/tmptutcmap/newbat.png	live
siramy	_divers2/tmptutcmap/newini.png	23740	5f0a08e244410e9c8fff93491afb7cf35c02f432695e3d3a5b0339a63d057d8b	http://paul.siramy.free.fr/_divers2/tmptutcmap/newini.png	live
siramy	_divers2/tmptutcmap/paletteascolormap.png	25849	1884bf61df5e589be9ef69e649f13770c338ba6b472398f4b563d5c7d1e10cca	http://paul.siramy.free.fr/_divers2/tmptutcmap/paletteascolormap.png	live
siramy	_divers2/tmptutcmap/palettes/d2-act0-black.gif	1087	c57da27aa32dc91478f35cb8d0bb080190847bfba31a2c6af770157e8f8020d4	http://paul.siramy.free.fr/_divers2/tmptutcmap/palettes/d2-act0-black.gif	live
siramy	_divers2/tmptutcmap/palettes/d2-act0-cyan.gif	1087	0bd28da07acd8025119852da2ebe9f4f7425f05e47744ad86d87e4200b2b2eb0	http://paul.siramy.free.fr/_divers2/tmptutcmap/palettes/d2-act0-cyan.gif	live
siramy	_divers2/tmptutcmap/palettes/d2-act1.gif	1087	88268232da5e4872bcfd88eb3db0f6b6f257efb660b5562898b101509eef70e0	http://paul.siramy.free.fr/_divers2/tmptutcmap/palettes/d2-act1.gif	live
siramy	_divers2/tmptutcmap/palettes/d2-act2.gif	1087	0fe824d1bdd99e3091df1d3754a24b2cf0c766d74e74db6bacf777e479e16bf3	http://paul.siramy.free.fr/_divers2/tmptutcmap/palettes/d2-act2.gif	live
siramy	_divers2/tmptutcmap/palettes/d2-act3.gif	1087	a8d85fa5e1a5bceb7412e9962b4dd5d91b11ad026d2aa4695b6976c29aa7660e	http://paul.siramy.free.fr/_divers2/tmptutcmap/palettes/d2-act3.gif	live
siramy	_divers2/tmptutcmap/palettes/d2-act4.gif	1087	0b4edd07fa16f82c55fa5cf3e8c2b1b387c9516f8d6693630daaddf2e09d1d24	http://paul.siramy.free.fr/_divers2/tmptutcmap/palettes/d2-act4.gif	live
siramy	_divers2/tmptutcmap/palettes/d2-act5.gif	1087	c1c1ab79dfac0320aeead6aebd260c55d116c28a6f360406c8b47bccea7e7117	http://paul.siramy.free.fr/_divers2/tmptutcmap/palettes/d2-act5.gif	live
siramy	_divers2/tmptutcmap/palettes/d2-endgame.gif	1087	ad5d0f5d824af8c547d910fab752deae1aa901473523c48a9ec7de0b24634e6e	http://paul.siramy.free.fr/_divers2/tmptutcmap/palettes/d2-endgame.gif	live
siramy	_divers2/tmptutcmap/palettes/d2-endgame2.gif	1087	47fcd14a973886cc53806718f7657ff1fcad9d2afc23bd10c87235e4c5988eec	http://paul.siramy.free.fr/_divers2/tmptutcmap/palettes/d2-endgame2.gif	live
siramy	_divers2/tmptutcmap/palettes/d2-fechar.gif	1087	7114da47551bcd22df7c048e6b2c8b3be7a0897abc8d1ec78bc221fb750f5e33	http://paul.siramy.free.fr/_divers2/tmptutcmap/palettes/d2-fechar.gif	live
siramy	_divers2/tmptutcmap/palettes/d2-loading.gif	1087	251affc6a1a513ae7938f6a4cd990c08aafd8e8055627476264b374cdacbc4a8	http://paul.siramy.free.fr/_divers2/tmptutcmap/palettes/d2-loading.gif	live
siramy	_divers2/tmptutcmap/palettes/d2-menu0.gif	1087	dd51ded65cd54580b1e00eaa8b36c425311497aa420478d7146b2185e791fdcf	http://paul.siramy.free.fr/_divers2/tmptutcmap/palettes/d2-menu0.gif	live
siramy	_divers2/tmptutcmap/palettes/d2-menu1.gif	1087	e58156507bf6a4cf7264430197bf12c7495570dcaefdd914caa7cf8395bb4436	http://paul.siramy.free.fr/_divers2/tmptutcmap/palettes/d2-menu1.gif	live
siramy	_divers2/tmptutcmap/palettes/d2-menu2.gif	1087	896a34283112494e46140bbcbfb2d5cadee1fed3bd1cb332bd4f1fc8ecf36ce1	http://paul.siramy.free.fr/_divers2/tmptutcmap/palettes/d2-menu2.gif	live
siramy	_divers2/tmptutcmap/palettes/d2-menu3.gif	1087	8b3e9932fe41850f039d5760489a63533e9112a86e5ab07d101f46707198f759	http://paul.siramy.free.fr/_divers2/tmptutcmap/palettes/d2-menu3.gif	live
siramy	_divers2/tmptutcmap/palettes/d2-menu4.gif	1087	0c08bc21e6b48d0472483b3ab42a723092061dcdaa939d6d452c2a0b85541d4b	http://paul.siramy.free.fr/_divers2/tmptutcmap/palettes/d2-menu4.gif	live
siramy	_divers2/tmptutcmap/palettes/d2-sky.gif	1087	3fc4575669370c64450730cbda094fed2102925fb2b1d08afea6a5bbc39c662c	http://paul.siramy.free.fr/_divers2/tmptutcmap/palettes/d2-sky.gif	live
siramy	_divers2/tmptutcmap/palettes/d2-static.gif	1087	51183cc0308ea43ac75070b2aaf4979fdbdeb2edee5c0a44efcfac1a2ba1631d	http://paul.siramy.free.fr/_divers2/tmptutcmap/palettes/d2-static.gif	live
siramy	_divers2/tmptutcmap/palettes/d2-trademark.gif	1087	5602274308469813fcbb2976881238947a4672fb6c4cefe224791a4e52afe542	http://paul.siramy.free.fr/_divers2/tmptutcmap/palettes/d2-trademark.gif	live
siramy	_divers2/tmptutcmap/palettes/d2-units.gif	1087	2d7ccdc9a313cf2305a8b59f99a40a86ac1cde73884e7cc1b886add7adbec109	http://paul.siramy.free.fr/_divers2/tmptutcmap/palettes/d2-units.gif	live
siramy	_divers2/tmptutcmap/plusbutton.png	994	dfe502d4d8d48cd3d83f7a307818aa1ae884807e4a4c2772e0d58b943e8b8aa6	http://paul.siramy.free.fr/_divers2/tmptutcmap/plusbutton.png	live
siramy	_divers2/tmptutcmap/putpcx.png	28778	ee449d7683f723693cc12e1c78c9c902de28acf6733dd44d3b79aaf5bfac8003	http://paul.siramy.free.fr/_divers2/tmptutcmap/putpcx.png	live
siramy	_divers2/tmptutcmap/remaptoact0.png	25344	e077cccdba425befaf4983228e7c54121b69290817e65062af6ed3e910846089	http://paul.siramy.free.fr/_divers2/tmptutcmap/remaptoact0.png	live
siramy	_divers2/tmptutcmap/samplechoice.png	123777	a81243096389a65dc0a71f5b3829814a284398cb942d1adaaf95f571eb86c2da	http://paul.siramy.free.fr/_divers2/tmptutcmap/samplechoice.png	live
siramy	_divers2/tmptutcmap/samplemade.png	137723	87fd406d86fd495f861fad2fb5a0a417c8fd2fc341ef2ca155fee31774b0ac55	http://paul.siramy.free.fr/_divers2/tmptutcmap/samplemade.png	live
siramy	_divers2/tmptutcmap/sampleready.png	58640	acb17796d52445772ea79d482bb6babc4d78eedc822cae5bf7c2a35b3dc86f4a	http://paul.siramy.free.fr/_divers2/tmptutcmap/sampleready.png	live
siramy	_divers2/tmptutcmap/savepalette.png	54375	03ac94a45525cdf481f580963ffb328f2060a16bc018b3bb95513e0774a0bd3a	http://paul.siramy.free.fr/_divers2/tmptutcmap/savepalette.png	live
siramy	_divers2/tmptutcmap/savepalettename.png	15078	55600b55176fecda6ea165cad73b7aa2c2782f89016e73486fe8d986f78ebefd	http://paul.siramy.free.fr/_divers2/tmptutcmap/savepalettename.png	live
siramy	_divers2/tmptutcmap/yellowsettings.png	61512	94887c0dfdbc46276077ec8d724e6154130e182e0869679b212506f15403f10e	http://paul.siramy.free.fr/_divers2/tmptutcmap/yellowsettings.png	live
siramy	_divers2/tmptutcmap/zoomx1.png	1063	419059ae98bcf0710ffab1eb56442b385deb59cc93b29314876e51fa7fab3b0f	http://paul.siramy.free.fr/_divers2/tmptutcmap/zoomx1.png	live
siramy	_divers2/tut_any_units_ds1/images/01.png	5507	0def67ec53b60bb2ce593f03c7550b3e911007a49279213f8dd1006291046d90	http://paul.siramy.free.fr/_divers2/tut_any_units_ds1/images/01.png	live
siramy	_divers2/tut_any_units_ds1/images/02.png	4222	38ebf03df04c1446ffe9acf1790118e8b51020b99af1aa17ffc9cf214296edf1	http://paul.siramy.free.fr/_divers2/tut_any_units_ds1/images/02.png	live
siramy	_divers2/tut_any_units_ds1/images/03.png	8075	72726acf992bd402aceddc4dd600eccfbdde5849918c1d44554ce435d70bf737	http://paul.siramy.free.fr/_divers2/tut_any_units_ds1/images/03.png	live
siramy	_divers2/tut_any_units_ds1/images/04.png	8485	bdaa40a59328163ca2c31c3602d5b3fe570ac98ef74a0d2e94cd0b53671b750e	http://paul.siramy.free.fr/_divers2/tut_any_units_ds1/images/04.png	live
siramy	_divers2/tut_any_units_ds1/images/05.png	159200	5ac1ba5ae3f164d72e5925402267d13c7e5b6dc4dc31d0cd6b232360263cca91	http://paul.siramy.free.fr/_divers2/tut_any_units_ds1/images/05.png	live
siramy	_divers2/tut_any_units_ds1/images/06.png	68101	c16a9fe29268ed5d485ad666cb4ba91a9377649c32fdbae4cdaf4d1454f24f0f	http://paul.siramy.free.fr/_divers2/tut_any_units_ds1/images/06.png	live
siramy	_divers2/tut_any_units_ds1/images/07.png	471809	caab81fe8278800e9a2944312f885d956114a93c0d8ff1e620f355b96567ff88	http://paul.siramy.free.fr/_divers2/tut_any_units_ds1/images/07.png	live
siramy	_divers2/tut_any_units_ds1/images/08.png	8103	9c9e7f791bf2978cf0eb4a1990943b885bab8817a613ea4801ee0649cb47ae5c	http://paul.siramy.free.fr/_divers2/tut_any_units_ds1/images/08.png	live
siramy	_divers2/tut_any_units_ds1/images/09.png	5462	2240e3fa580d1cb3efcbc5dcd1b009ca1d426fe0f95c9e4cc835bf75d9226933	http://paul.siramy.free.fr/_divers2/tut_any_units_ds1/images/09.png	live
siramy	_divers2/tut_any_units_ds1/images/10.png	146584	f64b38278cad007b3cbf64d24f39632c9e0f8d5ac27271d1e095d5ad1e016460	http://paul.siramy.free.fr/_divers2/tut_any_units_ds1/images/10.png	live
siramy	_divers2/tut_any_units_ds1/images/11.png	102468	ee60a12c2a8c9997d8a3a57b6741c0cf480aebc891c89becc1e4514dafe661fb	http://paul.siramy.free.fr/_divers2/tut_any_units_ds1/images/11.png	live
siramy	_divers2/tut_any_units_ds1/images/12.png	274415	d530f42a2a7fc24ff799c41099b8cd309cf60ea864be4f2ad49818874f7d84de	http://paul.siramy.free.fr/_divers2/tut_any_units_ds1/images/12.png	live
siramy	_divers2/tut_any_units_ds1/images/13.png	4728	0b785d5db98d86124dd8543318e0203fd5d651178126625f8c0739036defea7e	http://paul.siramy.free.fr/_divers2/tut_any_units_ds1/images/13.png	live
siramy	_divers2/tut_any_units_ds1/images/14.png	5888	2d5ab35288f337bb272fd5a1988cc809c759296ba4be09693e32fa961313f464	http://paul.siramy.free.fr/_divers2/tut_any_units_ds1/images/14.png	live
siramy	_divers2/tut_any_units_ds1/images/15.png	66373	497c4395f076e4981fa454e86ac55ac372f9c2a307a8edf7b6e8eac31fadf776	http://paul.siramy.free.fr/_divers2/tut_any_units_ds1/images/15.png	live
siramy	_divers2/tut_any_units_ds1/images/16.png	177626	6e2b715b7530523b68734574eb610ed51d600b634f9a0fa7c4153c95ccac1ac8	http://paul.siramy.free.fr/_divers2/tut_any_units_ds1/images/16.png	live
siramy	_divers2/tut_any_units_ds1/images/17.png	6032	4d37958573b84b5bbf403f7165f6b4807473fecaa42109ad69d7d02f7126a314	http://paul.siramy.free.fr/_divers2/tut_any_units_ds1/images/17.png	live
siramy	_divers2/tut_any_units_ds1/images/18.png	132936	ff607549ce4121a36d1aad81e0e62fe1a52a9a0161c4e21fecf0a56aba444262	http://paul.siramy.free.fr/_divers2/tut_any_units_ds1/images/18.png	live
siramy	_divers2/tut_any_units_ds1/images/19.png	4874	2ad8d6ed81ff8d02eea02e42e949093b11f7f019b0162cf395595c4b162dbb25	http://paul.siramy.free.fr/_divers2/tut_any_units_ds1/images/19.png	live
siramy	_divers2/tut_any_units_ds1/images/20.png	82024	7e4557e56c6a67903e87ebd0b30f0af3730848504f415a35c049b041a5a54f23	http://paul.siramy.free.fr/_divers2/tut_any_units_ds1/images/20.png	live
siramy	_divers2/tut_any_units_ds1/images/21.png	473804	8c79f7838fa6373d64cab16f0f803ef5a08d34cdf6b9ad24526f32ce3fc3694a	http://paul.siramy.free.fr/_divers2/tut_any_units_ds1/images/21.png	live
siramy	_divers2/tut_any_units_ds1/index.html	44946	74f39b4393b521f45396d25da80ace536600d66dfb93e9244c1edd234b14c43c	http://paul.siramy.free.fr/_divers2/tut_any_units_ds1/index.html	live
siramy	_divers2/view_pl2_cmaps/0049_0.25trans.gif	378322	cf2a7c1735cb6baa5b483b8376e2b982ada19c0d6ff88bfcd2640620de21cccb	http://paul.siramy.free.fr/_divers2/view_pl2_cmaps/0049_0.25trans.gif	live
siramy	_divers2/view_pl2_cmaps/0305_0.50trans.gif	390629	11413707b718339b5a645e4636a4239e991452e35f1f13661be5ca023def96bb	http://paul.siramy.free.fr/_divers2/view_pl2_cmaps/0305_0.50trans.gif	live
siramy	_divers2/view_pl2_cmaps/0561_0.75trans.gif	385674	dff080bab1738b4b9b8c7a71ef47664134bb3fa56f96020a2cef24dc0b3e6ead	http://paul.siramy.free.fr/_divers2/view_pl2_cmaps/0561_0.75trans.gif	live
siramy	_divers2/view_pl2_cmaps/0817_screen.gif	410796	4a1515f83ae77635b5331f30f5d201254bc3dfa86049528e213c612542438498	http://paul.siramy.free.fr/_divers2/view_pl2_cmaps/0817_screen.gif	live
siramy	_divers2/view_pl2_cmaps/1073_luminance.gif	352503	c5e116e4a96721c246af71f0b0166587265df1ce7d749dd92e4a7993138a473b	http://paul.siramy.free.fr/_divers2/view_pl2_cmaps/1073_luminance.gif	live
siramy	_divers2/view_pl2_cmaps/1457_darkscreen.gif	387159	d66ee73cf84ff2753b551384e2518e534bc6c9876dffc091e27a45845fc028f9	http://paul.siramy.free.fr/_divers2/view_pl2_cmaps/1457_darkscreen.gif	live
siramy	_divers2/view_pl2_cmaps/reference.gif	333959	9c18015c13b613e609d71eaa84000b1f88875cfb4e362000a9a77f955f2ac8bf	http://paul.siramy.free.fr/_divers2/view_pl2_cmaps/reference.gif	live
siramy	_divers2/view_pl2_cmaps/sample_ama.pcx	2697	607ddc324444c853a9af7d3f82b09d1ac8e2b1329bc0a27895fc229f32d78ea4	http://paul.siramy.free.fr/_divers2/view_pl2_cmaps/sample_ama.pcx	live
siramy	_divers2/view_pl2_cmaps/tent_bg.pcx	586610	88380d747d50b87132c8b52bde142e005029c8e42731de72278dc14e0caeb7c5	http://paul.siramy.free.fr/_divers2/view_pl2_cmaps/tent_bg.pcx	live
siramy	d2_sets/d2/dico/set/aldur/Aldur%27s%20Advance.gif	2477	988f05a41911154f1424a090febd8dd3c29f02b88f7687d657dbfeea6284a429	http://paul.siramy.free.fr/d2_sets/d2/dico/set/aldur/Aldur%27s%20Advance.gif	live
siramy	d2_sets/d2/dico/set/aldur/Aldur%27s%20Deception.gif	3869	0fcb9c9598108f45af5970c427ede044305a93b4c7036256666728f8e42308f4	http://paul.siramy.free.fr/d2_sets/d2/dico/set/aldur/Aldur%27s%20Deception.gif	live
siramy	d2_sets/d2/dico/set/aldur/Aldur%27s%20Gauntlet.gif	1745	a4e3c3408c5a871e28ab0b0b3d6fb98384aa5b3fb59e5990d71b44a1764def6c	http://paul.siramy.free.fr/d2_sets/d2/dico/set/aldur/Aldur%27s%20Gauntlet.gif	live
siramy	d2_sets/d2/dico/set/aldur/Aldur%27s%20Stony%20Gaze.gif	2238	8c9383c2b2491f5dd78240722d737aa3ebbd0b729f8b154f652ce3c4ff36a438	http://paul.siramy.free.fr/d2_sets/d2/dico/set/aldur/Aldur%27s%20Stony%20Gaze.gif	live
siramy	d2_sets/d2/dico/set/aldur/aldur.html	27224	b4da2aa25ee753d2d52edd216fa93dff5faf146048d55ebf007f6ae4ea07498e	http://paul.siramy.free.fr/d2_sets/d2/dico/set/aldur/aldur.html	live
siramy	d2_sets/d2/dico/set/arcanna/Arcanna%27s%20Deathwand.gif	1978	2d793b5be44f4ab570e69d0be521d18e42d15028bc29c018f3e64569bedaf152	http://paul.siramy.free.fr/d2_sets/d2/dico/set/arcanna/Arcanna%27s%20Deathwand.gif	live
siramy	d2_sets/d2/dico/set/arcanna/Arcanna%27s%20Flesh.gif	2967	d0f87a61190ca93e0499b2bd6d15006ac440de6d8f682227d66be7a022a35560	http://paul.siramy.free.fr/d2_sets/d2/dico/set/arcanna/Arcanna%27s%20Flesh.gif	live
siramy	d2_sets/d2/dico/set/arcanna/Arcanna%27s%20Head.gif	1811	376d89ba9b3645d688d97e2be27f2d854428a15481e63a701dadb9497a3b6733	http://paul.siramy.free.fr/d2_sets/d2/dico/set/arcanna/Arcanna%27s%20Head.gif	live
siramy	d2_sets/d2/dico/set/arcanna/Arcanna%27s%20Sign.gif	1336	7e4cf8653e32e440c1bd8173bf0509c4f907b569570ba5fa2714a8d0d35f5e83	http://paul.siramy.free.fr/d2_sets/d2/dico/set/arcanna/Arcanna%27s%20Sign.gif	live
siramy	d2_sets/d2/dico/set/arcanna/arcanna.html	25179	4fc662f56343f2706c2f521a79267584437ac30c44af5fb6e67baae2ba9ee99d	http://paul.siramy.free.fr/d2_sets/d2/dico/set/arcanna/arcanna.html	live
siramy	d2_sets/d2/dico/set/arctique/Arctic%20Binding.gif	1717	50c57dc244f3f009f3678739ce0c88554d7bdb532d9202222f08d352b9f12834	http://paul.siramy.free.fr/d2_sets/d2/dico/set/arctique/Arctic%20Binding.gif	live
siramy	d2_sets/d2/dico/set/arctique/Arctic%20Furs.gif	2603	083e1b246467c8e7d076a61698105c4f6a0e11420faf34840777599966955275	http://paul.siramy.free.fr/d2_sets/d2/dico/set/arctique/Arctic%20Furs.gif	live
siramy	d2_sets/d2/dico/set/arctique/Arctic%20Horn.gif	1838	a5efceae1abb1ccb5479ae08bdde95ba51b9f10d30c87d8011f81370a2271aeb	http://paul.siramy.free.fr/d2_sets/d2/dico/set/arctique/Arctic%20Horn.gif	live
siramy	d2_sets/d2/dico/set/arctique/Arctic%20Mitts.gif	2594	a51c2644fdc81157da58d5a0cdcfa9696508d62df3d9f8d9fd2f2102c0c1771f	http://paul.siramy.free.fr/d2_sets/d2/dico/set/arctique/Arctic%20Mitts.gif	live
siramy	d2_sets/d2/dico/set/arctique/arctique.html	26639	fbee65c501e03f78713e3ad77ac0ced7a8aee77b9c64af450d68235b0dbd434c	http://paul.siramy.free.fr/d2_sets/d2/dico/set/arctique/arctique.html	live
siramy	d2_sets/d2/dico/set/berserker/Berserker%27s%20Hatchet.gif	1955	bce7458dc605ee2b1ca9d1f3bcb268696446b82c4e4c08580b506d3347043044	http://paul.siramy.free.fr/d2_sets/d2/dico/set/berserker/Berserker%27s%20Hatchet.gif	live
siramy	d2_sets/d2/dico/set/berserker/Berserker%27s%20Hauberk.gif	3344	6a2577655010ceb1d3cfbedb9cd13ebe302938f074dc3ac461dc755b66de5433	http://paul.siramy.free.fr/d2_sets/d2/dico/set/berserker/Berserker%27s%20Hauberk.gif	live
siramy	d2_sets/d2/dico/set/berserker/Berserker%27s%20Headgear.gif	2522	7b8dba9f534543cd4b39f483cc614f41482e686d6c86b82f8085aae98dbaf472	http://paul.siramy.free.fr/d2_sets/d2/dico/set/berserker/Berserker%27s%20Headgear.gif	live
siramy	d2_sets/d2/dico/set/berserker/berserker.html	19939	1f9533c9a1f0f8d99c6258caabf876a86d079b4df5cadc2a97b2ddc6f4871a37	http://paul.siramy.free.fr/d2_sets/d2/dico/set/berserker/berserker.html	live
siramy	d2_sets/d2/dico/set/bulkathos/Bul-Kathos%27%20Sacred%20Charge.gif	1903	6e966abb4f33e2f3232b79e1f8d119297e67093a9b03289afe4552db54fcfd2d	http://paul.siramy.free.fr/d2_sets/d2/dico/set/bulkathos/Bul-Kathos%27%20Sacred%20Charge.gif	live
siramy	d2_sets/d2/dico/set/bulkathos/Bul-Kathos%27%20Tribal%20Guardian.gif	1531	651086190fcf00e9c758b249c74f0f9e32c8faf45d98ce7097289ce6a16f583b	http://paul.siramy.free.fr/d2_sets/d2/dico/set/bulkathos/Bul-Kathos%27%20Tribal%20Guardian.gif	live
siramy	d2_sets/d2/dico/set/bulkathos/bulkathos.html	17396	33ddcaabc06ce8721480bac8f9caa93d488ce2ef8e5fc0047c60bd7e7b89149a	http://paul.siramy.free.fr/d2_sets/d2/dico/set/bulkathos/bulkathos.html	live
siramy	d2_sets/d2/dico/set/cathan/Cathan%27s%20Mesh.gif	3625	8aca021311931bd183adfeec87f7ac33e0177f55ad0fe40ed0ad81f64873afc7	http://paul.siramy.free.fr/d2_sets/d2/dico/set/cathan/Cathan%27s%20Mesh.gif	live
siramy	d2_sets/d2/dico/set/cathan/Cathan%27s%20Rule.gif	1550	a3375704c2040d93aedfc103820e34f22b200ddbbe257cfb35c9633d931cc6a8	http://paul.siramy.free.fr/d2_sets/d2/dico/set/cathan/Cathan%27s%20Rule.gif	live
siramy	d2_sets/d2/dico/set/cathan/Cathan%27s%20Seal.gif	1252	41b173a6c07a4e67d628a39d30c315fd1e709bd39ceec437e959c0f88d01498e	http://paul.siramy.free.fr/d2_sets/d2/dico/set/cathan/Cathan%27s%20Seal.gif	live
siramy	d2_sets/d2/dico/set/cathan/Cathan%27s%20Sigil.gif	1388	bc5dc688e26c546f052d2cf04c3bcb26be773b7e735a80f2771cabc72e1ecc2c	http://paul.siramy.free.fr/d2_sets/d2/dico/set/cathan/Cathan%27s%20Sigil.gif	live
siramy	d2_sets/d2/dico/set/cathan/Cathan%27s%20Visage.gif	2247	eaea5d2e632130d91c8e8e01eaf693d90322b3faff87c7081dcc948bb3c21f71	http://paul.siramy.free.fr/d2_sets/d2/dico/set/cathan/Cathan%27s%20Visage.gif	live
siramy	d2_sets/d2/dico/set/cathan/cathan.html	27023	defd7750683e4cde3db93f51fa5497d0b85553e18eeeee1937cfd0285cfcf0e4	http://paul.siramy.free.fr/d2_sets/d2/dico/set/cathan/cathan.html	live
siramy	d2_sets/d2/dico/set/celeste/Dangoon%27s%20Teaching.gif	1456	f05f59e20651534ba9bc02d0188b4ba4420003427dfdf82f3d1bcfa34fb28506	http://paul.siramy.free.fr/d2_sets/d2/dico/set/celeste/Dangoon%27s%20Teaching.gif	live
siramy	d2_sets/d2/dico/set/celeste/Haemosu%27s%20Adament.gif	3023	88b3f4d340539b29984a20c170fa2074a96f74c046d1d397aa09ac11a04b647b	http://paul.siramy.free.fr/d2_sets/d2/dico/set/celeste/Haemosu%27s%20Adament.gif	live
siramy	d2_sets/d2/dico/set/celeste/Heaven%27s%20Taebaek.gif	3189	ddec67494c9065e7f5a5eb46f3b10211e506902004babb09c326be9b25f1822a	http://paul.siramy.free.fr/d2_sets/d2/dico/set/celeste/Heaven%27s%20Taebaek.gif	live
siramy	d2_sets/d2/dico/set/celeste/Ondal%27s%20Almighty.gif	1974	e99a1579c36e7a746b89f2af36308be30f92619c352b352858fad3612b664386	http://paul.siramy.free.fr/d2_sets/d2/dico/set/celeste/Ondal%27s%20Almighty.gif	live
siramy	d2_sets/d2/dico/set/celeste/celeste.html	28045	925eae82ec22cdebc4e8a3e54f727841defa1256fff1fded00571fff3998ee85	http://paul.siramy.free.fr/d2_sets/d2/dico/set/celeste/celeste.html	live
siramy	d2_sets/d2/dico/set/civerb/Civerb%27s%20Cudgel.gif	1527	227e51c58a26da2e9706e63e25bcce321c5f80952a86a7ee4649cc4d819b4c77	http://paul.siramy.free.fr/d2_sets/d2/dico/set/civerb/Civerb%27s%20Cudgel.gif	live
siramy	d2_sets/d2/dico/set/civerb/Civerb%27s%20Icon.gif	1317	3c6a67cb6bbea8833ac2160e13b3dd9549fcaf75dc807c5733eb3aaf02f3fda2	http://paul.siramy.free.fr/d2_sets/d2/dico/set/civerb/Civerb%27s%20Icon.gif	live
siramy	d2_sets/d2/dico/set/civerb/Civerb%27s%20Ward.gif	3339	c8a15550e5713aa64e1c3a2701c37fc7fcfd139f14c6140881172700e5280bfb	http://paul.siramy.free.fr/d2_sets/d2/dico/set/civerb/Civerb%27s%20Ward.gif	live
siramy	d2_sets/d2/dico/set/civerb/civerb.html	19790	df4ec57334fd07b13721da4adcd787ce1ff75ec875890aa649c1a83b69e09fa0	http://paul.siramy.free.fr/d2_sets/d2/dico/set/civerb/civerb.html	live
siramy	d2_sets/d2/dico/set/cleglaw/Cleglaw%27s%20Claw.gif	2762	2de7052c063d3c36b1646b1b3551fb78bd954a36f22dcf07641d58dc03e30bed	http://paul.siramy.free.fr/d2_sets/d2/dico/set/cleglaw/Cleglaw%27s%20Claw.gif	live
siramy	d2_sets/d2/dico/set/cleglaw/Cleglaw%27s%20Pincers.gif	2559	4d961a871b0e83c23600800e91f1534299485c389ed2154355af6e3efc552ca3	http://paul.siramy.free.fr/d2_sets/d2/dico/set/cleglaw/Cleglaw%27s%20Pincers.gif	live
siramy	d2_sets/d2/dico/set/cleglaw/Cleglaw%27s%20Tooth.gif	1512	cd00879e8e122b811cdc85a35f9fcbaf25c8f15c069b34298a7bbc4570531cf2	http://paul.siramy.free.fr/d2_sets/d2/dico/set/cleglaw/Cleglaw%27s%20Tooth.gif	live
siramy	d2_sets/d2/dico/set/cleglaw/cleglaw.html	21798	c513a84bab0e5827d47fee53dae01ac00d9639fc1fddf2c097c962645761f699	http://paul.siramy.free.fr/d2_sets/d2/dico/set/cleglaw/cleglaw.html	live
siramy	d2_sets/d2/dico/set/disciple/Credendum.gif	1768	9225594e6595e57c3959904fd8f7e62150a2e5227bbbd1e605f7b1b77449fedc	http://paul.siramy.free.fr/d2_sets/d2/dico/set/disciple/Credendum.gif	live
siramy	d2_sets/d2/dico/set/disciple/Laying%20of%20Hands.gif	1846	2bdaae0b7035cb4cf9f45fc25d58a4db86860d6243dfaf89ff2efa11ebee9896	http://paul.siramy.free.fr/d2_sets/d2/dico/set/disciple/Laying%20of%20Hands.gif	live
siramy	d2_sets/d2/dico/set/disciple/Rite%20of%20Passage.gif	1663	68c82c6a02f8ccc2b9402aa96e373c7c8e485c972f407152f902474668b0a9a6	http://paul.siramy.free.fr/d2_sets/d2/dico/set/disciple/Rite%20of%20Passage.gif	live
siramy	d2_sets/d2/dico/set/disciple/Spiritual%20Custodian.gif	2603	33447464164c58e265678638618408c2faed49d5e43d5b48968c4d1bcd3552f1	http://paul.siramy.free.fr/d2_sets/d2/dico/set/disciple/Spiritual%20Custodian.gif	live
siramy	d2_sets/d2/dico/set/disciple/Telling%20of%20Beads.gif	1317	3c6a67cb6bbea8833ac2160e13b3dd9549fcaf75dc807c5733eb3aaf02f3fda2	http://paul.siramy.free.fr/d2_sets/d2/dico/set/disciple/Telling%20of%20Beads.gif	live
siramy	d2_sets/d2/dico/set/disciple/disciple.html	28928	d24bc2d6156eb7912a1936f668e770e19c1d19671be4adb39fdb092bf7848625	http://paul.siramy.free.fr/d2_sets/d2/dico/set/disciple/disciple.html	live
siramy	d2_sets/d2/dico/set/divin/Angelic%20Halo.gif	1242	d3f295204387ee86f891c0abf8d1f13d1264976257184035667049071ed01a5f	http://paul.siramy.free.fr/d2_sets/d2/dico/set/divin/Angelic%20Halo.gif	live
siramy	d2_sets/d2/dico/set/divin/Angelic%20Mantle.gif	3026	c9a31382c46442125f17ffb5dc3490008b0f80b6584f58d32fd4700b1900f7a0	http://paul.siramy.free.fr/d2_sets/d2/dico/set/divin/Angelic%20Mantle.gif	live
siramy	d2_sets/d2/dico/set/divin/Angelic%20Sickle.gif	1550	dae528e4817ea914a632cc0587c6c5a7ad9bbd4e0babc28fc21d47af0e908a48	http://paul.siramy.free.fr/d2_sets/d2/dico/set/divin/Angelic%20Sickle.gif	live
siramy	d2_sets/d2/dico/set/divin/Angelic%20Wings.gif	1336	7e4cf8653e32e440c1bd8173bf0509c4f907b569570ba5fa2714a8d0d35f5e83	http://paul.siramy.free.fr/d2_sets/d2/dico/set/divin/Angelic%20Wings.gif	live
siramy	d2_sets/d2/dico/set/divin/divin.html	25279	8e1224e518ecc72342340580a8249b25df14dbefe81af0ffd8bddbad6264bcf5	http://paul.siramy.free.fr/d2_sets/d2/dico/set/divin/divin.html	live
siramy	d2_sets/d2/dico/set/enfer/Infernal%20Cranium.gif	2113	215f6c2c0f6e4fcfc88f279506db80d39afdc4bff3176c42ceb3ea16ce5b2539	http://paul.siramy.free.fr/d2_sets/d2/dico/set/enfer/Infernal%20Cranium.gif	live
siramy	d2_sets/d2/dico/set/enfer/Infernal%20Sign.gif	1831	405af297a15b2c6b8e7cc8dc7624f931370495c54654d2aa318407d836cdea66	http://paul.siramy.free.fr/d2_sets/d2/dico/set/enfer/Infernal%20Sign.gif	live
siramy	d2_sets/d2/dico/set/enfer/Infernal%20Torch.gif	1353	e3b7a72d984d4740dcc2ed6985db4a83b0f41522563f40153fb178956ba58b02	http://paul.siramy.free.fr/d2_sets/d2/dico/set/enfer/Infernal%20Torch.gif	live
siramy	d2_sets/d2/dico/set/enfer/enfer.html	19410	b1dee59e708709b68164b9c301ea9f9cea74323adb647670e575feddd4f798a3	http://paul.siramy.free.fr/d2_sets/d2/dico/set/enfer/enfer.html	live
siramy	d2_sets/d2/dico/set/griswold/Griswold%27s%20Heart.gif	4141	413e90213dc6b503637cadd71005e457b518ec4fc9bfda34912fd98fbea97462	http://paul.siramy.free.fr/d2_sets/d2/dico/set/griswold/Griswold%27s%20Heart.gif	live
siramy	d2_sets/d2/dico/set/griswold/Griswold%27s%20Honor.gif	2562	8c30eee23f76202e6d20f0365c0e586aad293129ce23281d5906a5aacd4864a7	http://paul.siramy.free.fr/d2_sets/d2/dico/set/griswold/Griswold%27s%20Honor.gif	live
siramy	d2_sets/d2/dico/set/griswold/Griswold%27s%20Valor.gif	2327	e082c0ef3a187de27aa7eaef88ecdf58d7ff9170cdf262c0aff4272fb4c9dd4b	http://paul.siramy.free.fr/d2_sets/d2/dico/set/griswold/Griswold%27s%20Valor.gif	live
siramy	d2_sets/d2/dico/set/griswold/Griswolds%27s%20Redemption.gif	1742	8f50d287859e763f0987ec0772247d149cd52753f0fd61bee1f0a9638fc6b6d9	http://paul.siramy.free.fr/d2_sets/d2/dico/set/griswold/Griswolds%27s%20Redemption.gif	live
siramy	d2_sets/d2/dico/set/griswold/griswold.html	27396	0aaaedffac3fce48416720c40aae2015f262c9d7e89e3c5327e81cba23cef6be	http://paul.siramy.free.fr/d2_sets/d2/dico/set/griswold/griswold.html	live
siramy	d2_sets/d2/dico/set/hsarus/Hsarus%27%20Iron%20Fist.gif	2681	bbf679df152b8b58e0f7dfd602012d8ad367850e272ba33f313abd8581734b5e	http://paul.siramy.free.fr/d2_sets/d2/dico/set/hsarus/Hsarus%27%20Iron%20Fist.gif	live
siramy	d2_sets/d2/dico/set/hsarus/Hsarus%27%20Iron%20Heel.gif	2459	07ca9e91e8ef35ecf37e137704286d6ca00cc8f0249a08ef43415744ba18ba7a	http://paul.siramy.free.fr/d2_sets/d2/dico/set/hsarus/Hsarus%27%20Iron%20Heel.gif	live
siramy	d2_sets/d2/dico/set/hsarus/Hsarus%27%20Iron%20Stay.gif	1768	257d96dc8555e73da650200c5ae10a0feb91e9c93931dc77a64de4e16d0fe3d4	http://paul.siramy.free.fr/d2_sets/d2/dico/set/hsarus/Hsarus%27%20Iron%20Stay.gif	live
siramy	d2_sets/d2/dico/set/hsarus/hsarus.html	21094	8c7623ecdc5789be58ebab92cbdb5a313990f56dd91157edfe94ed7d202b8882	http://paul.siramy.free.fr/d2_sets/d2/dico/set/hsarus/hsarus.html	live
siramy	d2_sets/d2/dico/set/hwanin/Hwanin%27s%20Justice.gif	1530	55e709d38bd519efc4d14c2f355b28ff549a7df7c46242c970e681fd4139b924	http://paul.siramy.free.fr/d2_sets/d2/dico/set/hwanin/Hwanin%27s%20Justice.gif	live
siramy	d2_sets/d2/dico/set/hwanin/Hwanin%27s%20Refuge.gif	2538	384734827961cf7f4b4670fe70e6a4a7c7a0ac959e0b6cd032c6e89816d0fc94	http://paul.siramy.free.fr/d2_sets/d2/dico/set/hwanin/Hwanin%27s%20Refuge.gif	live
siramy	d2_sets/d2/dico/set/hwanin/Hwanin%27s%20Seal.gif	1768	f78e16d8fa9da743daf9f317df103ee78190abd448875994f6d72678aaafd050	http://paul.siramy.free.fr/d2_sets/d2/dico/set/hwanin/Hwanin%27s%20Seal.gif	live
siramy	d2_sets/d2/dico/set/hwanin/Hwanin%27s%20Splendor.gif	2006	47364bb301034e67b7c198991b71946d52c79d48cfda04f1aa8fc358eeef2c23	http://paul.siramy.free.fr/d2_sets/d2/dico/set/hwanin/Hwanin%27s%20Splendor.gif	live
siramy	d2_sets/d2/dico/set/hwanin/hwanin.html	31070	11fee11f77c512bd1ea2cdc10f584789eb5ed2bfb1e9f7c228938c7b328bab24	http://paul.siramy.free.fr/d2_sets/d2/dico/set/hwanin/hwanin.html	live
siramy	d2_sets/d2/dico/set/iratha/Iratha%27s%20Coil.gif	2327	a1bc3c8464afbf12e3b58ccbba4abed316f6c14093e8b0136d26dc8b98e4f274	http://paul.siramy.free.fr/d2_sets/d2/dico/set/iratha/Iratha%27s%20Coil.gif	live
siramy	d2_sets/d2/dico/set/iratha/Iratha%27s%20Collar.gif	1317	3c6a67cb6bbea8833ac2160e13b3dd9549fcaf75dc807c5733eb3aaf02f3fda2	http://paul.siramy.free.fr/d2_sets/d2/dico/set/iratha/Iratha%27s%20Collar.gif	live
siramy	d2_sets/d2/dico/set/iratha/Iratha%27s%20Cord.gif	1831	c3aff8610f921256d4a81fcfbc0bb8fb7d9774b92b94705e3fcf1f8df187bf05	http://paul.siramy.free.fr/d2_sets/d2/dico/set/iratha/Iratha%27s%20Cord.gif	live
siramy	d2_sets/d2/dico/set/iratha/Iratha%27s%20Cuff.gif	2594	10a2f3e93553d5d32621fcb2da8e68dccbcac6e02f2293171e1dd72fad7bc4d0	http://paul.siramy.free.fr/d2_sets/d2/dico/set/iratha/Iratha%27s%20Cuff.gif	live
siramy	d2_sets/d2/dico/set/iratha/iratha.html	23162	7f9618e9efeb4606ec2b4061cc2ebe41fc7a0cd685f06bd47c55bc5eca96b4e0	http://paul.siramy.free.fr/d2_sets/d2/dico/set/iratha/iratha.html	live
siramy	d2_sets/d2/dico/set/isenhart/Isenhart%27s%20Case.gif	2331	2d1d98503c2bb0e86c2964599ae8666c20db010b7263ab5bbc069db910abea22	http://paul.siramy.free.fr/d2_sets/d2/dico/set/isenhart/Isenhart%27s%20Case.gif	live
siramy	d2_sets/d2/dico/set/isenhart/Isenhart%27s%20Horns.gif	2043	fbf7d0ec6744732cdddf286b5c7ff22511a1b9ae8e9154db8e971ff04993b367	http://paul.siramy.free.fr/d2_sets/d2/dico/set/isenhart/Isenhart%27s%20Horns.gif	live
siramy	d2_sets/d2/dico/set/isenhart/Isenhart%27s%20Lightbrand.gif	1541	0c8ede10aad085e04d72e2f28930e1e8d9d49dd2ac508253c51c6219ccf39558	http://paul.siramy.free.fr/d2_sets/d2/dico/set/isenhart/Isenhart%27s%20Lightbrand.gif	live
siramy	d2_sets/d2/dico/set/isenhart/Isenhart%27s%20Parry.gif	4198	21c4ae1c87f80fd38523cec9515a60699934558e011631edf6d6c9a739a1ecf7	http://paul.siramy.free.fr/d2_sets/d2/dico/set/isenhart/Isenhart%27s%20Parry.gif	live
siramy	d2_sets/d2/dico/set/isenhart/isenhart.html	26775	71a015749e5cbd566c10cbeb9b7869c0f5897abfff9c3618cad89af3035f6fe1	http://paul.siramy.free.fr/d2_sets/d2/dico/set/isenhart/isenhart.html	live
siramy	d2_sets/d2/dico/set/mavina/M%27avina%27s%20Caster.gif	2125	5272a8eee3eb5404fc778e913d226e0f849782165050d1fe84dd3d0ac9d97ef9	http://paul.siramy.free.fr/d2_sets/d2/dico/set/mavina/M%27avina%27s%20Caster.gif	live
siramy	d2_sets/d2/dico/set/mavina/M%27avina%27s%20Embrace.gif	4302	0e47270bd8cbe1b9933ef4959401542b636fc716486b995f1aec4a7ad3cd1461	http://paul.siramy.free.fr/d2_sets/d2/dico/set/mavina/M%27avina%27s%20Embrace.gif	live
siramy	d2_sets/d2/dico/set/mavina/M%27avina%27s%20Icy%20Clutch.gif	2594	98a5c745a4480ec2d0e2f7096ccc83b5da27c4b70963bf218d752b73a760b058	http://paul.siramy.free.fr/d2_sets/d2/dico/set/mavina/M%27avina%27s%20Icy%20Clutch.gif	live
siramy	d2_sets/d2/dico/set/mavina/M%27avina%27s%20Tenet.gif	1717	ad6b486271ae2d8145249f2d0264c9376e7d213442c5b867460809225b3fa72f	http://paul.siramy.free.fr/d2_sets/d2/dico/set/mavina/M%27avina%27s%20Tenet.gif	live
siramy	d2_sets/d2/dico/set/mavina/M%27avina%27s%20True%20Sight.gif	1742	9f96d698c9f15d0f43d508f81b13e677950d2b077e31fc23ee2b13d46972e5f2	http://paul.siramy.free.fr/d2_sets/d2/dico/set/mavina/M%27avina%27s%20True%20Sight.gif	live
siramy	d2_sets/d2/dico/set/mavina/mavina.html	31110	26cdfd6cfef7e80e8db503227eb8ca1b26572f0bef2004ff5a5e27c489aa12b1	http://paul.siramy.free.fr/d2_sets/d2/dico/set/mavina/mavina.html	live
siramy	d2_sets/d2/dico/set/milabrega/Milabrega%27s%20Diadem.gif	2327	62b3d27f93aa6276f155ce98355b402f0e2e4d26cdb2529121a5ee051b897c3f	http://paul.siramy.free.fr/d2_sets/d2/dico/set/milabrega/Milabrega%27s%20Diadem.gif	live
siramy	d2_sets/d2/dico/set/milabrega/Milabrega%27s%20Orb.gif	3787	3d787fe24447834ba065298086966c2424b1edc376169710fd1eedda568dae07	http://paul.siramy.free.fr/d2_sets/d2/dico/set/milabrega/Milabrega%27s%20Orb.gif	live
siramy	d2_sets/d2/dico/set/milabrega/Milabrega%27s%20Robe.gif	4100	6f86b0ff17ffabc4f7feb5977747d86d43164b340fab65fae0189f1882963556	http://paul.siramy.free.fr/d2_sets/d2/dico/set/milabrega/Milabrega%27s%20Robe.gif	live
siramy	d2_sets/d2/dico/set/milabrega/Milabrega%27s%20Rod.gif	1742	317cbfcaecc5a11affdd01e44e2961ae4a21437ee581f8b672e78137e45118c2	http://paul.siramy.free.fr/d2_sets/d2/dico/set/milabrega/Milabrega%27s%20Rod.gif	live
siramy	d2_sets/d2/dico/set/milabrega/milabrega.html	27545	90ff0f1e4c8f1019ce573257e2f01e85d8e7fa161f302a1b8ba443e2f1428e87	http://paul.siramy.free.fr/d2_sets/d2/dico/set/milabrega/milabrega.html	live
siramy	d2_sets/d2/dico/set/mort/Death%27s%20Guard.gif	1507	57aa8bac2ff0200fe7afe052cc9b745ba913bc4badbb2ec69d0afc7d3a09c7d0	http://paul.siramy.free.fr/d2_sets/d2/dico/set/mort/Death%27s%20Guard.gif	live
siramy	d2_sets/d2/dico/set/mort/Death%27s%20Hand.gif	1846	b1cf3acfa3ba2de0ad0fe0ebcdacb3ee824c768d51ad57474b596b465b7404e6	http://paul.siramy.free.fr/d2_sets/d2/dico/set/mort/Death%27s%20Hand.gif	live
siramy	d2_sets/d2/dico/set/mort/Death%27s%20Touch.gif	1531	bdcdb68d0fc37881d571cd6153be3af5a41f8558ee4ce339f931a00029253e5d	http://paul.siramy.free.fr/d2_sets/d2/dico/set/mort/Death%27s%20Touch.gif	live
siramy	d2_sets/d2/dico/set/mort/mort.html	18769	79884afb712a1836ef4f1bf5623949d56517d1872b8bb5f2ac403bc69cef4ea8	http://paul.siramy.free.fr/d2_sets/d2/dico/set/mort/mort.html	live
siramy	d2_sets/d2/dico/set/naj/Naj%27s%20Circlet.gif	2107	6b71bb967c0478c25e03955b638840d164b931aef797f76bcd46d6d527bb6148	http://paul.siramy.free.fr/d2_sets/d2/dico/set/naj/Naj%27s%20Circlet.gif	live
siramy	d2_sets/d2/dico/set/naj/Naj%27s%20Light%20Plate.gif	2983	2b5a2ec21c976af6a52fe0417fa0850cd50d1f321f4e807cb18349954e2d7c89	http://paul.siramy.free.fr/d2_sets/d2/dico/set/naj/Naj%27s%20Light%20Plate.gif	live
siramy	d2_sets/d2/dico/set/naj/Naj%27s%20Puzzler.gif	1843	28fca2d58ae39c1856ca11619d2067f276bda5f2cd915a82e1ce1e0db6ce4d4d	http://paul.siramy.free.fr/d2_sets/d2/dico/set/naj/Naj%27s%20Puzzler.gif	live
siramy	d2_sets/d2/dico/set/naj/naj.html	21008	12f6c5091c892f2500a64e2d0e6b79d97a54d907469c517168bb3e065bc0695d	http://paul.siramy.free.fr/d2_sets/d2/dico/set/naj/naj.html	live
siramy	d2_sets/d2/dico/set/natalya/Natalya%27s%20Mark.gif	1602	33c4419d7ab7dde13214d92e93cab53671c6de9ac760e0e40f53022e3f0f90cf	http://paul.siramy.free.fr/d2_sets/d2/dico/set/natalya/Natalya%27s%20Mark.gif	live
siramy	d2_sets/d2/dico/set/natalya/Natalya%27s%20Shadow.gif	2538	fbcdf86965eb240cc2923311288810140462f3228ce552b63fc22932d97aaa8d	http://paul.siramy.free.fr/d2_sets/d2/dico/set/natalya/Natalya%27s%20Shadow.gif	live
siramy	d2_sets/d2/dico/set/natalya/Natalya%27s%20Soul.gif	2459	9b225a789880e18877795d9ecdb875999bbef7b7122588310b3d30b3317249ed	http://paul.siramy.free.fr/d2_sets/d2/dico/set/natalya/Natalya%27s%20Soul.gif	live
siramy	d2_sets/d2/dico/set/natalya/Natalya%27s%20Totem.gif	2275	936fd14e6ac4eb068ebb06b38bc6b0bfa7d227e2d8e445d8f0148d5326ffd2a2	http://paul.siramy.free.fr/d2_sets/d2/dico/set/natalya/Natalya%27s%20Totem.gif	live
siramy	d2_sets/d2/dico/set/natalya/natalya.html	28270	e95d25424b314d3eca7c9e67fec132dc9ab468082e678a6552769f4e4549942c	http://paul.siramy.free.fr/d2_sets/d2/dico/set/natalya/natalya.html	live
siramy	d2_sets/d2/dico/set/orphelin/Guillaume%27s%20Face.gif	1498	f903f2f95eab1216c8fde63dbf83c58870719ffa7a391ac5815148017c352651	http://paul.siramy.free.fr/d2_sets/d2/dico/set/orphelin/Guillaume%27s%20Face.gif	live
siramy	d2_sets/d2/dico/set/orphelin/Magnus%27%20Skin.gif	2036	a750194b0f0b3140dad99142c430b09cb0a23f8b49297cccc2bffef3569b9eb7	http://paul.siramy.free.fr/d2_sets/d2/dico/set/orphelin/Magnus%27%20Skin.gif	live
siramy	d2_sets/d2/dico/set/orphelin/Wihtstan%27s%20Guard.gif	2309	76155d14aa325db135280dd3e77b1d2b6bab1013f43fccf33f4bdcce0e091627	http://paul.siramy.free.fr/d2_sets/d2/dico/set/orphelin/Wihtstan%27s%20Guard.gif	live
siramy	d2_sets/d2/dico/set/orphelin/Wilhelm%27s%20Pride.gif	1831	c227f412b68aee15b8487dd332ffbf7c219363639dfc250b4360a697679a8071	http://paul.siramy.free.fr/d2_sets/d2/dico/set/orphelin/Wilhelm%27s%20Pride.gif	live
siramy	d2_sets/d2/dico/set/orphelin/orphelin.html	26097	2b514d25268a13c3d959eee2d014e4414beb0cd0cfdd90a35a6692514bb1c383	http://paul.siramy.free.fr/d2_sets/d2/dico/set/orphelin/orphelin.html	live
siramy	d2_sets/d2/dico/set/roiimmortel/Immortal%20King%27s%20Detail.gif	1765	eb1121b0ca1096184b3e579769ca290766df0352a64184ed51122dbf4ec58aed	http://paul.siramy.free.fr/d2_sets/d2/dico/set/roiimmortel/Immortal%20King%27s%20Detail.gif	live
siramy	d2_sets/d2/dico/set/roiimmortel/Immortal%20King%27s%20Forge.gif	2682	c4f8bd256552837c9d6499fd8410c96a7b3d4ba844906cb7b05e4e563205e15a	http://paul.siramy.free.fr/d2_sets/d2/dico/set/roiimmortel/Immortal%20King%27s%20Forge.gif	live
siramy	d2_sets/d2/dico/set/roiimmortel/Immortal%20King%27s%20Pillar.gif	2345	bd87fd31b5c00b28420f545b3132631cb430b06184df5f77955374c449fd42dc	http://paul.siramy.free.fr/d2_sets/d2/dico/set/roiimmortel/Immortal%20King%27s%20Pillar.gif	live
siramy	d2_sets/d2/dico/set/roiimmortel/Immortal%20King%27s%20Soul%20Cage%20.gif	4100	8ca164a93b36e000d488b806a46544bb4507122ca8128d07e41cc42b15d9508a	http://paul.siramy.free.fr/d2_sets/d2/dico/set/roiimmortel/Immortal%20King%27s%20Soul%20Cage%20.gif	live
siramy	d2_sets/d2/dico/set/roiimmortel/Immortal%20King%27s%20Stone%20Crusher.gif	2154	ddd2f62aa637f361101397626230814ef8a95c3ed8bea38e31c46f05fd3da9b4	http://paul.siramy.free.fr/d2_sets/d2/dico/set/roiimmortel/Immortal%20King%27s%20Stone%20Crusher.gif	live
siramy	d2_sets/d2/dico/set/roiimmortel/Immortal%20King%27s%20Will.gif	2003	6a6b15b98b12edddb336400f13b2ead427701162d1426463b409252ef1d7675f	http://paul.siramy.free.fr/d2_sets/d2/dico/set/roiimmortel/Immortal%20King%27s%20Will.gif	live
siramy	d2_sets/d2/dico/set/roiimmortel/roiimmortel.html	37644	75120d5398d883a572331aa09438ed7559ba4d61e5ab06fc5f4b41d25312ccb3	http://paul.siramy.free.fr/d2_sets/d2/dico/set/roiimmortel/roiimmortel.html	live
siramy	d2_sets/d2/dico/set/sander/McAuley%27s%20Paragon.gif	2113	0253ad90c5ad41110d1d19369146fef2bfe3e4a9607d06772a5d8919347896d0	http://paul.siramy.free.fr/d2_sets/d2/dico/set/sander/McAuley%27s%20Paragon.gif	live
siramy	d2_sets/d2/dico/set/sander/McAuley%27s%20Riprap.gif	2190	d4838ede985de2894b417c93c3c11fbab986323feba863f33fe3bad2066e59ee	http://paul.siramy.free.fr/d2_sets/d2/dico/set/sander/McAuley%27s%20Riprap.gif	live
siramy	d2_sets/d2/dico/set/sander/McAuley%27s%20Superstition.gif	1375	8a5453768e4c73281e6495d9f0c6dfaa4729fab00c78b749225accfa36829326	http://paul.siramy.free.fr/d2_sets/d2/dico/set/sander/McAuley%27s%20Superstition.gif	live
siramy	d2_sets/d2/dico/set/sander/McAuley%27s%20Taboo.gif	2036	e11fc64639423582889fc36037cff28578c908f1440ad9a1b42fa332d417ec08	http://paul.siramy.free.fr/d2_sets/d2/dico/set/sander/McAuley%27s%20Taboo.gif	live
siramy	d2_sets/d2/dico/set/sander/sander.html	23846	13a1c78bcc7dce1e9e8d20b81e998f573ef05d1f8f925175927f19894ef82e7a	http://paul.siramy.free.fr/d2_sets/d2/dico/set/sander/sander.html	live
siramy	d2_sets/d2/dico/set/sazabi/Sazabi%27s%20Cobalt%20Redeemer.gif	1512	bdf6adeae8b0622f6c0b5bb5991ffddaef1931b4142f2e740849524c95b87ef1	http://paul.siramy.free.fr/d2_sets/d2/dico/set/sazabi/Sazabi%27s%20Cobalt%20Redeemer.gif	live
siramy	d2_sets/d2/dico/set/sazabi/Sazabi%27s%20Ghost%20Liberator.gif	3344	5a960bb7327bed40720efdc092c3d64ed101d9c900836f502fa99f54222c880d	http://paul.siramy.free.fr/d2_sets/d2/dico/set/sazabi/Sazabi%27s%20Ghost%20Liberator.gif	live
siramy	d2_sets/d2/dico/set/sazabi/Sazabi%27s%20Mental%20Sheath.gif	2043	c63f30958eb30dc5e847423be30ca0a6a82d15edae082752f2fac9f67b4e6dbc	http://paul.siramy.free.fr/d2_sets/d2/dico/set/sazabi/Sazabi%27s%20Mental%20Sheath.gif	live
siramy	d2_sets/d2/dico/set/sazabi/sazabi.html	20374	12c5886b82a950fb5429c6d0ec7cafba7473defcb99bad5c93327afb1b36af27	http://paul.siramy.free.fr/d2_sets/d2/dico/set/sazabi/sazabi.html	live
siramy	d2_sets/d2/dico/set/sigon/Sigon%27s%20Gage.gif	2682	43ecefd20a912e6e8d9f62d0f21e61f535b1c2be7a92a129f7a5ae6cf5d9990b	http://paul.siramy.free.fr/d2_sets/d2/dico/set/sigon/Sigon%27s%20Gage.gif	live
siramy	d2_sets/d2/dico/set/sigon/Sigon%27s%20Guard.gif	3525	d22ed212004edd3e817110f67e4d9c993f1faf7326ff66fe8e204dbe154d4972	http://paul.siramy.free.fr/d2_sets/d2/dico/set/sigon/Sigon%27s%20Guard.gif	live
siramy	d2_sets/d2/dico/set/sigon/Sigon%27s%20Sabot.gif	2345	44ed1b6295ae52ffd50f90ce2400479819da4db6b7b67cd0a4788689c3e328c0	http://paul.siramy.free.fr/d2_sets/d2/dico/set/sigon/Sigon%27s%20Sabot.gif	live
siramy	d2_sets/d2/dico/set/sigon/Sigon%27s%20Shelter.gif	3384	5b4acb60e13b12b7530b959b8c8b4c861825749e823ac0ade009a5f3ac3b0a72	http://paul.siramy.free.fr/d2_sets/d2/dico/set/sigon/Sigon%27s%20Shelter.gif	live
siramy	d2_sets/d2/dico/set/sigon/Sigon%27s%20Visor.gif	1498	490de2e462c9681e1c1d398879f32fa8bbdd2ec0747a7cd73661d7a1f434aa74	http://paul.siramy.free.fr/d2_sets/d2/dico/set/sigon/Sigon%27s%20Visor.gif	live
siramy	d2_sets/d2/dico/set/sigon/Sigon%27s%20Wrap.gif	1765	ee953dc735df9e7fbde4c6c389249d1e4697505f26ad01fa44c6147971e5bdab	http://paul.siramy.free.fr/d2_sets/d2/dico/set/sigon/Sigon%27s%20Wrap.gif	live
siramy	d2_sets/d2/dico/set/sigon/sigon.html	34311	37baa80f74e6c9d5eb59c86c26bbf3fc73b7f58203bf98d09809a6de4c1d2001	http://paul.siramy.free.fr/d2_sets/d2/dico/set/sigon/sigon.html	live
siramy	d2_sets/d2/dico/set/talrasha/Tal%20Rasha%27s%20Adjudication.gif	1336	7e4cf8653e32e440c1bd8173bf0509c4f907b569570ba5fa2714a8d0d35f5e83	http://paul.siramy.free.fr/d2_sets/d2/dico/set/talrasha/Tal%20Rasha%27s%20Adjudication.gif	live
siramy	d2_sets/d2/dico/set/talrasha/Tal%20Rasha%27s%20Fire-Spun%20Cloth.gif	1768	a817f49dfd0806c8271475fcc29a7e3a5d61376c16d59b13835c4ba561e12b35	http://paul.siramy.free.fr/d2_sets/d2/dico/set/talrasha/Tal%20Rasha%27s%20Fire-Spun%20Cloth.gif	live
siramy	d2_sets/d2/dico/set/talrasha/Tal%20Rasha%27s%20Horadric%20Crest.gif	2247	8d17d99b1e9ddfd2620bcbe292fd4dc7b9608327624ac9b8e449bff6e466c814	http://paul.siramy.free.fr/d2_sets/d2/dico/set/talrasha/Tal%20Rasha%27s%20Horadric%20Crest.gif	live
siramy	d2_sets/d2/dico/set/talrasha/Tal%20Rasha%27s%20Howling%20Wind.gif	3384	8c70f1289a217d05d7a10324c6611ce105663ced99e1551ad83bd1b015425d13	http://paul.siramy.free.fr/d2_sets/d2/dico/set/talrasha/Tal%20Rasha%27s%20Howling%20Wind.gif	live
siramy	d2_sets/d2/dico/set/talrasha/Tal%20Rasha%27s%20Lidless%20Eye.gif	1688	7254b3128553ad83c0969c252afbd4dd758ae603e14f04becb289d597fc15fc3	http://paul.siramy.free.fr/d2_sets/d2/dico/set/talrasha/Tal%20Rasha%27s%20Lidless%20Eye.gif	live
siramy	d2_sets/d2/dico/set/talrasha/talrasha.html	31304	071a6fa4d269930bdfbd78cd020f160c5622dd22744175acc8055dbb5dbbcc62	http://paul.siramy.free.fr/d2_sets/d2/dico/set/talrasha/talrasha.html	live
siramy	d2_sets/d2/dico/set/tancred/Tancred%27s%20Crowbill.gif	1563	5b01b4c7fe79e60a364c4b8179a060e8ac8386c4658b61c6c8d1ea2b21d10b23	http://paul.siramy.free.fr/d2_sets/d2/dico/set/tancred/Tancred%27s%20Crowbill.gif	live
siramy	d2_sets/d2/dico/set/tancred/Tancred%27s%20Hobnails.gif	1663	98c27ae5ce31deefc6c85821b2057d1e11c4a64a752a2fc038c4adb438e4472b	http://paul.siramy.free.fr/d2_sets/d2/dico/set/tancred/Tancred%27s%20Hobnails.gif	live
siramy	d2_sets/d2/dico/set/tancred/Tancred%27s%20Skull.gif	2275	52b7d466c6e66baba22dd3591ce4f040112bb7cccd01faea4929369ccb61571e	http://paul.siramy.free.fr/d2_sets/d2/dico/set/tancred/Tancred%27s%20Skull.gif	live
siramy	d2_sets/d2/dico/set/tancred/Tancred%27s%20Spine.gif	3691	e0d356b82d7e75e854e49025845f43e313493a4c154ca8b547222dc5a2c384ad	http://paul.siramy.free.fr/d2_sets/d2/dico/set/tancred/Tancred%27s%20Spine.gif	live
siramy	d2_sets/d2/dico/set/tancred/Tancred%27s%20Weird.gif	1317	3c6a67cb6bbea8833ac2160e13b3dd9549fcaf75dc807c5733eb3aaf02f3fda2	http://paul.siramy.free.fr/d2_sets/d2/dico/set/tancred/Tancred%27s%20Weird.gif	live
siramy	d2_sets/d2/dico/set/tancred/tancred.html	29802	ec178c14bb63b02a7824a09033913936bc8fd7fa16ca6c5d3b31e9b687df5e4c	http://paul.siramy.free.fr/d2_sets/d2/dico/set/tancred/tancred.html	live
siramy	d2_sets/d2/dico/set/taureau/Cow%20King%27s%20Hide.gif	2493	31b87afcd860e1d91064e4519719e63ade12120891a6e30b49e6466a6d88ab66	http://paul.siramy.free.fr/d2_sets/d2/dico/set/taureau/Cow%20King%27s%20Hide.gif	live
siramy	d2_sets/d2/dico/set/taureau/Cow%20King%27s%20Hoofs.gif	2190	7dfe79fdcba4475897fc1d9af98b583dbb8adaf28a5ecb9eeb5de0f49cea6350	http://paul.siramy.free.fr/d2_sets/d2/dico/set/taureau/Cow%20King%27s%20Hoofs.gif	live
siramy	d2_sets/d2/dico/set/taureau/Cow%20King%27s%20Horns.gif	1686	9d3421ea46d31930c7300d878a09e75f17c3f6ecb22cb2845e5d2a266727853e	http://paul.siramy.free.fr/d2_sets/d2/dico/set/taureau/Cow%20King%27s%20Horns.gif	live
siramy	d2_sets/d2/dico/set/taureau/taureau.html	22687	0886a42dc0ae18d274d5922979b073e39b58f892b94230956ff6fcd61b05b688	http://paul.siramy.free.fr/d2_sets/d2/dico/set/taureau/taureau.html	live
siramy	d2_sets/d2/dico/set/trangoul/Trang-Oul%27s%20Claws.gif	2559	204717e81442e4b6963ca390f2049ac2d5f8d013d44b867d0067ed48a71f5383	http://paul.siramy.free.fr/d2_sets/d2/dico/set/trangoul/Trang-Oul%27s%20Claws.gif	live
siramy	d2_sets/d2/dico/set/trangoul/Trang-Oul%27s%20Girth.gif	1831	32981c77f8e7426cacba70980bf1adf7a35ba3d31929c37dfc1e1fd46f0aa2c1	http://paul.siramy.free.fr/d2_sets/d2/dico/set/trangoul/Trang-Oul%27s%20Girth.gif	live
siramy	d2_sets/d2/dico/set/trangoul/Trang-Oul%27s%20Guise.gif	2275	92188d8377b0b62111fae3c1dc64bd5423790d30c2859881db8958d0050f2ad6	http://paul.siramy.free.fr/d2_sets/d2/dico/set/trangoul/Trang-Oul%27s%20Guise.gif	live
siramy	d2_sets/d2/dico/set/trangoul/Trang-Oul%27s%20Scales.gif	3869	8c56aec4c25a7fce6ba3f72047c94a47337dd8a29b2ab095059a2572d8aeee20	http://paul.siramy.free.fr/d2_sets/d2/dico/set/trangoul/Trang-Oul%27s%20Scales.gif	live
siramy	d2_sets/d2/dico/set/trangoul/Trang-Oul%27s%20Wing.gif	1761	8cd54115bf38eedce046916149624a9daf1fa836e9156af1c49a6ad712f9029e	http://paul.siramy.free.fr/d2_sets/d2/dico/set/trangoul/Trang-Oul%27s%20Wing.gif	live
siramy	d2_sets/d2/dico/set/trangoul/trangoul.html	33802	5a927ad019d43fa8daeee7cf2fc4b19717326cfc91e8b337ac6cdca73101aa8f	http://paul.siramy.free.fr/d2_sets/d2/dico/set/trangoul/trangoul.html	live
siramy	d2_sets/d2/dico/set/vidala/Vidala%27s%20Ambush.gif	2165	43332ae997c91f4c8b2d20f3e615fcde8aabd76b6572a37f51baa9dea647d594	http://paul.siramy.free.fr/d2_sets/d2/dico/set/vidala/Vidala%27s%20Ambush.gif	live
siramy	d2_sets/d2/dico/set/vidala/Vidala%27s%20Barb.gif	1781	791bea3d90f4d5a0ceef2633f20d7af440ec2aef5b8b24c6db79ba673ce5fabc	http://paul.siramy.free.fr/d2_sets/d2/dico/set/vidala/Vidala%27s%20Barb.gif	live
siramy	d2_sets/d2/dico/set/vidala/Vidala%27s%20Fetlock.gif	2477	9f9f11528183c8ef3c54ff786de5b24fb15d3c647cf52aeec74d066613c5e790	http://paul.siramy.free.fr/d2_sets/d2/dico/set/vidala/Vidala%27s%20Fetlock.gif	live
siramy	d2_sets/d2/dico/set/vidala/Vidala%27s%20Snare.gif	1336	7e4cf8653e32e440c1bd8173bf0509c4f907b569570ba5fa2714a8d0d35f5e83	http://paul.siramy.free.fr/d2_sets/d2/dico/set/vidala/Vidala%27s%20Snare.gif	live
siramy	d2_sets/d2/dico/set/vidala/vidala.html	25417	0d3075f1f7df16c8685f0ae9ce765e76d77bc333784be92153f245eac26b350a	http://paul.siramy.free.fr/d2_sets/d2/dico/set/vidala/vidala.html	live
siramy	d2_sets/set.html	16587	b57d059f0d3fd8e8daf1f62ee82ae51935463ff90d68040c97293c1e24248a28	http://paul.siramy.free.fr/d2_sets/set.html	live
siramy	d2ref/class.html	11402	9783e8290dc13ea4291770f26d06c45ec5157a41527df0707ccc3501f3bdce0f	http://paul.siramy.free.fr/d2ref/class.html	live
siramy	d2ref/class00.png	2756	1c2db8def4e3725e01489c7e8b7912f997eddc587911e42aeb820fdc73cdbe4c	http://paul.siramy.free.fr/d2ref/class00.png	live
siramy	d2ref/class01.png	2790	42b5f18646cc94ca1457f9cedbd10dcfa2bfc2d7a83ac3fa27ccaf03c8ae0aaf	http://paul.siramy.free.fr/d2ref/class01.png	live
siramy	d2ref/class02.png	2496	60862f91da879f5734de567ab6f49e2ea0b716d1127e2d2ddb5fd1204b6730d7	http://paul.siramy.free.fr/d2ref/class02.png	live
siramy	d2ref/class03.png	2944	d833ad7b661b3f8e8dd9e321c8fd1efcda2e9093295e7298c24edc42f177d4d8	http://paul.siramy.free.fr/d2ref/class03.png	live
siramy	d2ref/class04.png	3743	b285905ab27d3186fc34410d7f49ea206c977838e4107283427d1e7207b5ef0b	http://paul.siramy.free.fr/d2ref/class04.png	live
siramy	d2ref/class05.png	2889	69cd97ac24be0d36e689d86f3441b0ca775b036d4a4530612bedb3a04815eec0	http://paul.siramy.free.fr/d2ref/class05.png	live
siramy	d2ref/class06.png	2176	7345c24037875ef21f2dde64e3fbfe71c8175befca2cc8039f99e4c9e2d6da91	http://paul.siramy.free.fr/d2ref/class06.png	live
siramy	d2ref/class07.png	2907	723650ce53d1073facd295b936428250155a2c10f724c0a73651f1a9da0f5178	http://paul.siramy.free.fr/d2ref/class07.png	live
siramy	d2ref/class08.png	2269	e4947ee355b4b8d136236dc1e199e09a421363d0f2e9b862b73c4d42c544892c	http://paul.siramy.free.fr/d2ref/class08.png	live
siramy	d2ref/class0A.png	2944	4c0dc742eb9c77abd25bc37168cb49afc4ea72a38c110b8470d5b07bee95cd0b	http://paul.siramy.free.fr/d2ref/class0A.png	live
siramy	d2ref/class0B.png	2894	89a0f58c5da8c19e399fdb5cd4dfeeae55b74d9caae0a01b66537e85b7f1d5f9	http://paul.siramy.free.fr/d2ref/class0B.png	live
siramy	d2ref/class0C.png	2669	10356094c605ca021ce51fdb24cec0b5796ece6e2b2ae386b2d0a2a38c67c8d1	http://paul.siramy.free.fr/d2ref/class0C.png	live
siramy	d2ref/class0D.png	4309	dbc733077f363274a48c82cb0ed29fe01506ecdd9c462015c2273060b4fbf3b8	http://paul.siramy.free.fr/d2ref/class0D.png	live
siramy	d2ref/class0E.png	3470	8747ad98ef9657aa704ec31ecc8ac9d493defdba04b6d43df59e04458f2f188f	http://paul.siramy.free.fr/d2ref/class0E.png	live
siramy	d2ref/class0F.png	4336	7a6f5b70b6d8e6f202b6706e7b14b34df4d77916846a977d0d9f27143383877f	http://paul.siramy.free.fr/d2ref/class0F.png	live
siramy	d2ref/class10.png	3508	4d7f44043dc16083ab60cdd8cb61a376578b441d65523542010f9c740a121cfe	http://paul.siramy.free.fr/d2ref/class10.png	live
siramy	d2ref/class11.png	4169	8767ab9fd0b651ae5b7958490a4be2b21c6682d3fe24bbc9a2f274f3e070a872	http://paul.siramy.free.fr/d2ref/class11.png	live
siramy	d2ref/class12.png	3480	d846d34ceb458720861314d2cc55d010619b2e74e6ce2294bc6a5142c7dbe6a4	http://paul.siramy.free.fr/d2ref/class12.png	live
siramy	d2ref/class13.png	3233	0c4f02c16ef3c3bb967988f462a124d84525e2875fd111e0fb4f6583835bf17e	http://paul.siramy.free.fr/d2ref/class13.png	live
siramy	d2ref/class14.png	2624	52daabf7cd4e406cfd29bdc7d1148ab33d257f2abf6828a62594ef27e3b88cf9	http://paul.siramy.free.fr/d2ref/class14.png	live
siramy	d2ref/class15.png	2847	62222a5de0af2b36b86216821ddcf6c90d1cde9bd79ea26d21077bbbdddb1739	http://paul.siramy.free.fr/d2ref/class15.png	live
siramy	d2ref/datatype.html	1857	07dc40c2a2ab4f7356a0b80d26659cc756ad80882dfe9aa77594e61cd32a2677	http://paul.siramy.free.fr/d2ref/datatype.html	live
siramy	d2ref/eng/class.html	10920	9dbc75baa69af5a199d7d88732e7812d2b902cbf2b2c3e704d7356f48abdf520	http://paul.siramy.free.fr/d2ref/eng/class.html	live
siramy	d2ref/eng/class00.png	2756	1c2db8def4e3725e01489c7e8b7912f997eddc587911e42aeb820fdc73cdbe4c	http://paul.siramy.free.fr/d2ref/eng/class00.png	live
siramy	d2ref/eng/class01.png	2790	42b5f18646cc94ca1457f9cedbd10dcfa2bfc2d7a83ac3fa27ccaf03c8ae0aaf	http://paul.siramy.free.fr/d2ref/eng/class01.png	live
siramy	d2ref/eng/class02.png	2496	60862f91da879f5734de567ab6f49e2ea0b716d1127e2d2ddb5fd1204b6730d7	http://paul.siramy.free.fr/d2ref/eng/class02.png	live
siramy	d2ref/eng/class03.png	2944	d833ad7b661b3f8e8dd9e321c8fd1efcda2e9093295e7298c24edc42f177d4d8	http://paul.siramy.free.fr/d2ref/eng/class03.png	live
siramy	d2ref/eng/class04.png	3743	b285905ab27d3186fc34410d7f49ea206c977838e4107283427d1e7207b5ef0b	http://paul.siramy.free.fr/d2ref/eng/class04.png	live
siramy	d2ref/eng/class05.png	2889	69cd97ac24be0d36e689d86f3441b0ca775b036d4a4530612bedb3a04815eec0	http://paul.siramy.free.fr/d2ref/eng/class05.png	live
siramy	d2ref/eng/class06.png	2176	7345c24037875ef21f2dde64e3fbfe71c8175befca2cc8039f99e4c9e2d6da91	http://paul.siramy.free.fr/d2ref/eng/class06.png	live
siramy	d2ref/eng/class07.png	2907	723650ce53d1073facd295b936428250155a2c10f724c0a73651f1a9da0f5178	http://paul.siramy.free.fr/d2ref/eng/class07.png	live
siramy	d2ref/eng/class08.png	2269	e4947ee355b4b8d136236dc1e199e09a421363d0f2e9b862b73c4d42c544892c	http://paul.siramy.free.fr/d2ref/eng/class08.png	live
siramy	d2ref/eng/class0A.png	2944	4c0dc742eb9c77abd25bc37168cb49afc4ea72a38c110b8470d5b07bee95cd0b	http://paul.siramy.free.fr/d2ref/eng/class0A.png	live
siramy	d2ref/eng/class0B.png	2894	89a0f58c5da8c19e399fdb5cd4dfeeae55b74d9caae0a01b66537e85b7f1d5f9	http://paul.siramy.free.fr/d2ref/eng/class0B.png	live
siramy	d2ref/eng/class0C.png	2669	10356094c605ca021ce51fdb24cec0b5796ece6e2b2ae386b2d0a2a38c67c8d1	http://paul.siramy.free.fr/d2ref/eng/class0C.png	live
siramy	d2ref/eng/class0D.png	4309	dbc733077f363274a48c82cb0ed29fe01506ecdd9c462015c2273060b4fbf3b8	http://paul.siramy.free.fr/d2ref/eng/class0D.png	live
siramy	d2ref/eng/class0E.png	3470	8747ad98ef9657aa704ec31ecc8ac9d493defdba04b6d43df59e04458f2f188f	http://paul.siramy.free.fr/d2ref/eng/class0E.png	live
siramy	d2ref/eng/class0F.png	4336	7a6f5b70b6d8e6f202b6706e7b14b34df4d77916846a977d0d9f27143383877f	http://paul.siramy.free.fr/d2ref/eng/class0F.png	live
siramy	d2ref/eng/class10.png	3508	4d7f44043dc16083ab60cdd8cb61a376578b441d65523542010f9c740a121cfe	http://paul.siramy.free.fr/d2ref/eng/class10.png	live
siramy	d2ref/eng/class11.png	4169	8767ab9fd0b651ae5b7958490a4be2b21c6682d3fe24bbc9a2f274f3e070a872	http://paul.siramy.free.fr/d2ref/eng/class11.png	live
siramy	d2ref/eng/class12.png	3480	d846d34ceb458720861314d2cc55d010619b2e74e6ce2294bc6a5142c7dbe6a4	http://paul.siramy.free.fr/d2ref/eng/class12.png	live
siramy	d2ref/eng/class13.png	3233	0c4f02c16ef3c3bb967988f462a124d84525e2875fd111e0fb4f6583835bf17e	http://paul.siramy.free.fr/d2ref/eng/class13.png	live
siramy	d2ref/eng/class14.png	2624	52daabf7cd4e406cfd29bdc7d1148ab33d257f2abf6828a62594ef27e3b88cf9	http://paul.siramy.free.fr/d2ref/eng/class14.png	live
siramy	d2ref/eng/class15.png	2847	62222a5de0af2b36b86216821ddcf6c90d1cde9bd79ea26d21077bbbdddb1739	http://paul.siramy.free.fr/d2ref/eng/class15.png	live
siramy	d2ref/eng/datatype.html	1772	40541a78a99646aea36e772097e7269e363708b49d9894b28b4da5e4eb29069b	http://paul.siramy.free.fr/d2ref/eng/datatype.html	live
siramy	d2ref/eng/handskil.html	506	7f10597f65097b674deefc57c3d2e713e56c4aa59c6a0a4a8c6175b5cef8e7da	http://paul.siramy.free.fr/d2ref/eng/handskil.html	live
siramy	d2ref/eng/hardcore.html	2236	8f3b968161a30fb4b395db0e96b65416af9fadd503c8bb92ed1610860c94fc6a	http://paul.siramy.free.fr/d2ref/eng/hardcore.html	live
siramy	d2ref/eng/history.html	2909	89e280b7950ad279262f0a4165608bf343e6a467eb37c49eb403c262a2dc037c	http://paul.siramy.free.fr/d2ref/eng/history.html	live
siramy	d2ref/eng/index.html	6029	f03d563ff98b5eba85c1f5f86aa0c8488c3944cca73dc4563679c103e3ab1e6e	http://paul.siramy.free.fr/d2ref/eng/index.html	live
siramy	d2ref/eng/invisibl.png	4830	227002669d1ee69fb1e4c47aae1cecaf9c31614cc90afd41b6828ff84d21bd14	http://paul.siramy.free.fr/d2ref/eng/invisibl.png	live
siramy	d2ref/eng/items_15.html	9536	d84cacdfa9bf5eae36a364364a9cae9f586e27191006d32277f83509cc9dd352	http://paul.siramy.free.fr/d2ref/eng/items_15.html	live
siramy	d2ref/eng/levlcopy.html	1341	e6a55fd4b3045b0dc980a650fce0be9c8bfa606fa9f9a507336f4db360f9fc11	http://paul.siramy.free.fr/d2ref/eng/levlcopy.html	live
siramy	d2ref/eng/location.html	1369	003f16cc97fc710290a235d0b1c73f57091c9a772d6ba64c05a5871caa5837a0	http://paul.siramy.free.fr/d2ref/eng/location.html	live
siramy	d2ref/eng/maps.html	4167	db08d49d0bf895c2ee26cd7bd5eb7019426e5280485fd8b27adefb33b039d05e	http://paul.siramy.free.fr/d2ref/eng/maps.html	live
siramy	d2ref/eng/menulook.html	3834	480a9c0a11142b9fa7fc157d3a8478f6b54165bfd0c8b67b7279935a68eef314	http://paul.siramy.free.fr/d2ref/eng/menulook.html	live
siramy	d2ref/eng/name.html	2227	2d17811b3d9b515e7af8124ab82e29d056dea13a2fb075b6a851510989d804c0	http://paul.siramy.free.fr/d2ref/eng/name.html	live
siramy	d2ref/eng/part_1.html	17138	b4b2c849fc687e9d192ab12e2c5ee8c82cabb82776311a533a31f40317366bf9	http://paul.siramy.free.fr/d2ref/eng/part_1.html	live
siramy	d2ref/eng/part_2.html	7246	39e71f6636229bdf0cb6f5970702aeb15936828d7441d8533fd49bf5acf35eb9	http://paul.siramy.free.fr/d2ref/eng/part_2.html	live
siramy	d2ref/eng/part_3.html	14915	cdb058203469594c0f67d6d47f24c3938161560aeed1673b5e024ce4fff97501	http://paul.siramy.free.fr/d2ref/eng/part_3.html	live
siramy	d2ref/eng/part_4.html	1369	8fd60c7cd8da27a46355989b018b4421ea7916146fc0613d5f01964e81ca56aa	http://paul.siramy.free.fr/d2ref/eng/part_4.html	live
siramy	d2ref/eng/part_5.html	5589	efffd301fc372a5c013f9072cf958086ffe0ca2cb253846414888f292caaac6d	http://paul.siramy.free.fr/d2ref/eng/part_5.html	live
siramy	d2ref/eng/part_5b.html	2663	3d06b3324c9a98895340be58a71f64dce3ee0437ac84778f856e24d44a7c238c	http://paul.siramy.free.fr/d2ref/eng/part_5b.html	live
siramy	d2ref/eng/playconf.html	777	35574579b71855b96b1e2c90fa491165c2d88dcc015917dc79b772c209c8cd6f	http://paul.siramy.free.fr/d2ref/eng/playconf.html	live
siramy	d2ref/eng/quests.html	5415	28f0432f8e995799246edeecf14620455e8dd319cfcfa3ef4eda19fed127222b	http://paul.siramy.free.fr/d2ref/eng/quests.html	live
siramy	d2ref/eng/quests_2.html	7518	75f5dc4925aaee227e605194a6c561b45ff3db36ed4b9987946ab5a933e583eb	http://paul.siramy.free.fr/d2ref/eng/quests_2.html	live
siramy	d2ref/eng/shortcut.html	904	bdde1fb0da6be27a4ba9d75682dac5ce40e767c417cfe7bfb6a3c3903a155ab2	http://paul.siramy.free.fr/d2ref/eng/shortcut.html	live
siramy	d2ref/eng/signatur.html	719	3e204175f296ae8342931365900a304828198f5b70657aeed0db4cf696e0396c	http://paul.siramy.free.fr/d2ref/eng/signatur.html	live
siramy	d2ref/eng/title.html	1934	2814ca5a5a430d6218974cd2c9c04e2f54a171d7e78cf1da0543c4142581ef52	http://paul.siramy.free.fr/d2ref/eng/title.html	live
siramy	d2ref/eng/unknown1.html	600	bb83f878c5cdab21b1051877b00083a59c56545851c3cbfade00d5af52e794e3	http://paul.siramy.free.fr/d2ref/eng/unknown1.html	live
siramy	d2ref/eng/unknownq.html	2947	a8784d4d50f2601f60c070ef24c64a9970ab4fd19c6df6b909deeac3445f5460	http://paul.siramy.free.fr/d2ref/eng/unknownq.html	live
siramy	d2ref/eng/v.c	59051	edff54dbd2d3fc5e6fe9e7fd6c2c698766b285e357672abde2edf87bc0079685	http://paul.siramy.free.fr/d2ref/eng/v.c	live
siramy	d2ref/eng/waypoint.html	4965	5b1876c3f8847d941d9d127771bb99c1334fd457f6e10a668c3428b8676e5baf	http://paul.siramy.free.fr/d2ref/eng/waypoint.html	live
siramy	d2ref/handskil.html	535	f59dcc35af8fd976baeb7150f02ff05f8f691a5dffd43d3c73f33f5a0d7e12f4	http://paul.siramy.free.fr/d2ref/handskil.html	live
siramy	d2ref/hardcore.html	2501	d6b3fa4b608d6a4565c10e87f0ef3a606e21a2616461bbe1b261d06e69c6a73d	http://paul.siramy.free.fr/d2ref/hardcore.html	live
siramy	d2ref/history.html	2124	a6b06bf919a7865efe07dfeaafb83fb7a9770ef89f0bf2868bf8c1c56039e76a	http://paul.siramy.free.fr/d2ref/history.html	live
siramy	d2ref/index.html	6568	2ef288cb51fc183111c49ec811b340fca7ffb644d9667431291c9b06fb1e9cad	http://paul.siramy.free.fr/d2ref/index.html	live
siramy	d2ref/invisibl.png	4830	227002669d1ee69fb1e4c47aae1cecaf9c31614cc90afd41b6828ff84d21bd14	http://paul.siramy.free.fr/d2ref/invisibl.png	live
siramy	d2ref/items_15.html	10033	ef1765cd15421717fc7f88c135f121278cfb540f03a8e057fa3c397ada08646e	http://paul.siramy.free.fr/d2ref/items_15.html	live
siramy	d2ref/levlcopy.html	1621	27a459206cc3c6cb4ff8e27db5647192ebfb6228fe7cefe518e6812ec93c6875	http://paul.siramy.free.fr/d2ref/levlcopy.html	live
siramy	d2ref/location.html	1409	062f5b3ec7cfb560981972d451d03d59219a041e99d1797f07a2070d6aeff834	http://paul.siramy.free.fr/d2ref/location.html	live
siramy	d2ref/maps.html	5454	c27901b2e4f2a9bc17484ee02b998ca4e69c01fe7ca5e45b8c0cb02131917fb9	http://paul.siramy.free.fr/d2ref/maps.html	live
siramy	d2ref/menulook.html	4532	85948f26ebcb40755bc2c11728b24898c4f1c2c71dfc5199e1688998e98e0854	http://paul.siramy.free.fr/d2ref/menulook.html	live
siramy	d2ref/name.html	2402	a447d771b8fa87bdde24bf7c75417163dbe82df4b8c049633a337789b4b809d8	http://paul.siramy.free.fr/d2ref/name.html	live
siramy	d2ref/part_1.html	17430	8c19c391bd18ee3385cae01469227091a7cb3c1a72b12917ee39db93ab8dac73	http://paul.siramy.free.fr/d2ref/part_1.html	live
siramy	d2ref/part_2.html	8082	fffc9d25d43535f47bd56a285bd87355490995fafd76afbabc781a0aac86806a	http://paul.siramy.free.fr/d2ref/part_2.html	live
siramy	d2ref/part_3.html	15636	3eb5985b552042b5d537d59873e263a2317a1d2a2dde13e9a86894a1eac68016	http://paul.siramy.free.fr/d2ref/part_3.html	live
siramy	d2ref/part_4.html	1531	ab3d4f1235affdad24cc712cbfc67126fa7d8fabcafcf2d08a1f821960788dca	http://paul.siramy.free.fr/d2ref/part_4.html	live
siramy	d2ref/part_5.html	6134	c87dfd3eccd31510adf3d459ff425adf468f6bd8b00b5daecb75cc06153d04f7	http://paul.siramy.free.fr/d2ref/part_5.html	live
siramy	d2ref/part_5b.html	2781	fe8971e618c2a2e22d9e70435153eea6855e0f2e93d21332b00d31e82fc6e85e	http://paul.siramy.free.fr/d2ref/part_5b.html	live
siramy	d2ref/playconf.html	810	461c261b75cf66ace52fb473408c6c5e9b0da5963f5c77169f0046554ef3d89f	http://paul.siramy.free.fr/d2ref/playconf.html	live
siramy	d2ref/quests.html	5369	76c7334b586da7b545497169d7528db698638ec4d80b60dc8fe389250931f07b	http://paul.siramy.free.fr/d2ref/quests.html	live
siramy	d2ref/quests_2.html	6536	4e7a00763833e7c159615927f0172d9dc3fb73f8befb503f22503242b5f70593	http://paul.siramy.free.fr/d2ref/quests_2.html	live
siramy	d2ref/shortcut.html	1037	43406a8196df26f60f14f6c5b86ed7e8890ea6344a1a406fcd72a3d37cd0a260	http://paul.siramy.free.fr/d2ref/shortcut.html	live
siramy	d2ref/signatur.html	616	25a23310992b43f0b67133df6af65b28f7ed676c3e34af0f43ea89bd0850b017	http://paul.siramy.free.fr/d2ref/signatur.html	live
siramy	d2ref/title.html	2036	07dfaf5d35ff011039bc3b18bb1b7d0c424a9467731ce68796f93ab9f0f03aa9	http://paul.siramy.free.fr/d2ref/title.html	live
siramy	d2ref/unknown1.html	616	c601bf4d96373d46d6c1cd254e8131f5057fe7cf0b060f2c623859654a7e92a7	http://paul.siramy.free.fr/d2ref/unknown1.html	live
siramy	d2ref/unknownq.html	3055	bb35c5e2b8f14955050dc4339d23440077f728a6815c023aefaa39e4ae2c13f8	http://paul.siramy.free.fr/d2ref/unknownq.html	live
siramy	d2ref/v.c	59051	edff54dbd2d3fc5e6fe9e7fd6c2c698766b285e357672abde2edf87bc0079685	http://paul.siramy.free.fr/d2ref/v.c	live
siramy	d2ref/waypoint.html	4539	8288b9596c1f8eef9fb8377123288975b422d82a3d4864ea84751c0df37da5df	http://paul.siramy.free.fr/d2ref/waypoint.html	live
siramy	fra/d2ref/history.html	1968	9f3b4aa9f8e57ec218bee48dc38558008324a465d8ed8f9e6f3dd93b9ac0055b	http://paul.siramy.free.fr/fra/d2ref/history.html	live
siramy	fra/d2ref/index.html	6500	881571b2d623ddc7a7856ac5248646ecc73d3ef45fe5daf6ef562b90eaa7d0b8	http://paul.siramy.free.fr/fra/d2ref/index.html	live
siramy	fra/d2ref/items_15.html	9737	f8ee5daeb00e945747d23991ae9d0396182cb29a5f7153b3f63e956f2d717128	http://paul.siramy.free.fr/fra/d2ref/items_15.html	live
siramy	fra/d2ref/part_1.html	17332	b82ca2cc86c807a8c8cbd92027f93c39cb70890bbaecc68094bf7cb3a1af6628	http://paul.siramy.free.fr/fra/d2ref/part_1.html	live
siramy	fra/d2ref/part_2.html	7984	95496e1251c2ce90796b7c5b86a6e805c5382b85dba087971493d513e4bd8bac	http://paul.siramy.free.fr/fra/d2ref/part_2.html	live
siramy	fra/d2ref/part_3.html	15538	1d563a3856a8bec14f401b49cffe5dcbb764c9057ca1ef055daec38893443841	http://paul.siramy.free.fr/fra/d2ref/part_3.html	live
siramy	fra/d2ref/part_4.html	1433	2418cec2186540edf835c2015469a3f736fb5f671d51582b730d90a97bd2839c	http://paul.siramy.free.fr/fra/d2ref/part_4.html	live
siramy	fra/d2ref/part_5.html	6036	e0fb352bf65227bfa36bde23053656c3e76f9ff1ce624210e3c5a59c3ccc83bd	http://paul.siramy.free.fr/fra/d2ref/part_5.html	live
siramy	fra/d2ref/quests.html	5272	8b2b8ccb38296989d781bd0968e31fcf22300b15f52b28d9cebe49b427673a57	http://paul.siramy.free.fr/fra/d2ref/quests.html	live
siramy	fra/d2ref/quests_2.html	6439	9d3d4159fb320fe0da70f4a08828f1c5190fbc879a0d1e068042d4040e600dd4	http://paul.siramy.free.fr/fra/d2ref/quests_2.html	live
siramy	fra/d2ref/v.c	59051	edff54dbd2d3fc5e6fe9e7fd6c2c698766b285e357672abde2edf87bc0079685	http://paul.siramy.free.fr/fra/d2ref/v.c	live
third-party	_divers/old_tools/cof(0).htm	19392	8b3458a8a749768fdb9ba4229031015b4ca542d7f27c42307e85ee39666d5018	http://paul.siramy.free.fr/_divers/old_tools/cof(0).htm	live
third-party	_divers/old_tools/cof(0)_fichiers/AAMSZ=IAB_FULL_BANNER.htm	1081	027830778c132a450ab790b1236558052859c763f5d184f0cd7d3d0e20e71773	http://paul.siramy.free.fr/_divers/old_tools/cof(0)_fichiers/AAMSZ=IAB_FULL_BANNER.htm	live
third-party	_divers/old_tools/cof(0)_fichiers/edit.gif	983	5996dcb81be49fe6a2139bf9078eaab62456dd22a53ee79017bc52b28d0bbd85	http://paul.siramy.free.fr/_divers/old_tools/cof(0)_fichiers/edit.gif	live
third-party	_divers/old_tools/cof(0)_fichiers/email.gif	954	508115d09df46d636b7400b09cb577f0378700e89479fa5e2ecbaba49e073c14	http://paul.siramy.free.fr/_divers/old_tools/cof(0)_fichiers/email.gif	live
third-party	_divers/old_tools/cof(0)_fichiers/icon1.gif	377	69e7914f081f71c32c13ca670e2e4351191c00856fe8e2220e649156ba54ddde	http://paul.siramy.free.fr/_divers/old_tools/cof(0)_fichiers/icon1.gif	live
third-party	_divers/old_tools/cof(0)_fichiers/icon11.gif	220	f764f7f49bc459bcb5907cdfd25dc0b399132367ec15861476355e7435c0170f	http://paul.siramy.free.fr/_divers/old_tools/cof(0)_fichiers/icon11.gif	live
third-party	_divers/old_tools/cof(0)_fichiers/ip.gif	160	4fb536498c91093bae695dda534f035d8b7198d9e351b5c80d15db5d95e6180a	http://paul.siramy.free.fr/_divers/old_tools/cof(0)_fichiers/ip.gif	live
third-party	_divers/old_tools/cof(0)_fichiers/newreply.gif	3296	93b3e7ebc99c5c7502f7a8d17fe977f90585014982dc1b9e1294a89a8d4235b7	http://paul.siramy.free.fr/_divers/old_tools/cof(0)_fichiers/newreply.gif	live
third-party	_divers/old_tools/cof(0)_fichiers/newtopic.gif	3268	a5b16fa26248d0da9836ce04e13bc74ba64eb5cb3942888cd78b74f9d9504944	http://paul.siramy.free.fr/_divers/old_tools/cof(0)_fichiers/newtopic.gif	live
third-party	_divers/old_tools/cof(0)_fichiers/open.gif	86	7ed79cc098e3568bd5de53728e59cc81501f1d96b188b69112da9a6c208dc949	http://paul.siramy.free.fr/_divers/old_tools/cof(0)_fichiers/open.gif	live
third-party	_divers/old_tools/cof(0)_fichiers/phrozen.gif	17438	58bc7275bbea782df1b4b7d88b4e52d1f67d26cfdb08ede55489d310bf5ceca7	http://paul.siramy.free.fr/_divers/old_tools/cof(0)_fichiers/phrozen.gif	live
third-party	_divers/old_tools/cof(0)_fichiers/powered_by2.gif	590	bafbdb8d6d75fa1cc8e065265447edf50e10cee54bd7373c9c7c71075aba0828	http://paul.siramy.free.fr/_divers/old_tools/cof(0)_fichiers/powered_by2.gif	live
third-party	_divers/old_tools/cof(0)_fichiers/profile.gif	221	0227741ae8d835bea1a4b18e488972a960a252fdf15857fa13d7434195a76026	http://paul.siramy.free.fr/_divers/old_tools/cof(0)_fichiers/profile.gif	live
third-party	_divers/old_tools/cof(0)_fichiers/quote.gif	223	af01b8d7b085b28438550a5f5c7ad015d40df1ea07ecbf9f458cb09ee24803e3	http://paul.siramy.free.fr/_divers/old_tools/cof(0)_fichiers/quote.gif	live
third-party	_divers/old_tools/cof(0)_fichiers/smile.gif	93	508d348a2727480eb0f7ad07fee2e371f3352b11e18a70a9449039ed1a6afa71	http://paul.siramy.free.fr/_divers/old_tools/cof(0)_fichiers/smile.gif	live
third-party	_divers/old_tools/cof(0)_fichiers/star2.gif	132	b9eb33a78a62718014cd64d00cb3d551f9a86251c1cfacdf974300f7d683a028	http://paul.siramy.free.fr/_divers/old_tools/cof(0)_fichiers/star2.gif	live
third-party	_divers/old_tools/cof(0)_fichiers/sword.gif	869	169fd6ef23fa203b5779e9849e108d46ca244ee74c158d2bfd46c1d7bf37fe2d	http://paul.siramy.free.fr/_divers/old_tools/cof(0)_fichiers/sword.gif	live
third-party	_divers/old_tools/cof(0)_fichiers/tline.gif	68	335df6c8c5b62074ada72eb2a299fb805107dafbfe799a77108d9021df0b20f2	http://paul.siramy.free.fr/_divers/old_tools/cof(0)_fichiers/tline.gif	live
third-party	_divers/old_tools/cof(0)_fichiers/tline3.gif	79	b1f9c1d18feb6f3c400ded859c2f115dc60f13c8951f3ee5a3809443636a0bb9	http://paul.siramy.free.fr/_divers/old_tools/cof(0)_fichiers/tline3.gif	live
third-party	_divers/old_tools/cof(0)_fichiers/ubbfriendminiicon.gif	495	88358114b08f426944c8aaa4fd5966366045182261e47cd8f7c60c383634d9d1	http://paul.siramy.free.fr/_divers/old_tools/cof(0)_fichiers/ubbfriendminiicon.gif	live
